id	symbol	avg_diff|float	p_val|float	_hprdClass	_expr	_geneLists
SP8	SP8	2.58397E+00	0	Transcription factor	BrainSpLMD|221833;BrainSpMouseDev|107080	OMIM|608306
THRB	THRB	2.52408E+00	0	Nuclear receptor	BrainSpLMD|7068;Eurexp|euxassay_005806|adenohypophysis, vestibulocochlear VIII;BrainSpMouseDev|21593	OMIM|190160;HPO|7068|Abdominal distention, Abnormality of the thyroid gland, Attention deficit hyperactivity disorder, Autosomal dominant inheritance, Autosomal recessive inheritance, Coarse facial features, Constipation, Convex nasal ridge, Delayed skeletal maturation, Delayed speech and language development, Epiphyseal stippling, Feeding difficulties, Goiter, Hearing impairment, Hyperthyroidism, Hypothyroidism, Increased serum free triiodothyronine, Increased thyroid-stimulating hormone level, Jaundice, Large fontanelles, Macroglossia, Muscular hypotonia, Pectus carinatum, Proptosis, Sensorineural hearing impairment, Sleep disturbance, Small for gestational age, Sprengel anomaly, Thyroid hormone receptor defect, Umbilical hernia
SCGN	SCGN	2.48709E+00	0	Calcium binding protein	BrainSpLMD|10590;Eurexp|euxassay_002978|mantle layer, marginal layer, pancreas, pituitary	OMIM|609202
PDZRN3	PDZRN3	2.32279E+00	0	Unclassified	BrainSpLMD|23024;Eurexp|euxassay_000356|mantle layer	OMIM|609729
SNRPGP10	SNRPGP10	2.29660E+00	4.69E-09			
RP11.351J23.1	RP11.351J23.1	2.27871E+00	0			
PRKCA	PRKCA	2.15092E+00	0	Serine/threonine kinase	BrainSpLMD|5578	OMIM|176960
DLX6.AS1	DLX6.AS1	1.87180E+00	0			
DLX5	DLX5	1.84231E+00	0	Transcription regulatory protein	BrainSpLMD|1749;BrainSpMouseDev|13174	OMIM|600028;HPO|1749|Autosomal recessive inheritance, Finger syndactyly, Oligodactyly, Sensorineural hearing impairment, Split foot, Split hand
DLX1	DLX1	1.84116E+00	0	Transcription factor	BrainSpLMD|1745;Eurexp|euxassay_008426|cochlea, epithelium, footplate, handplate, incisor, inner ear, mantle layer, midgut, naso-lacrimal duct, neural retina, oesophagus, paraxial mesenchyme, retina, skeletal muscle, skeleton, stomach, utricle, vibrissa;BrainSpMouseDev|13169	SFARI||Autism, 5 - Hypothesized but untested;OMIM|600029
ST8SIA5	ST8SIA5	1.78777E+00	0	Enzyme: Sialyltransferase	BrainSpLMD|29906	OMIM|607162
SDK2	SDK2	1.78104E+00	1.36E-13	Adhesion molecule	BrainSpLMD|54549;Eurexp|euxassay_009454|clavicle, femur, mantle layer, tongue, ventral grey horn, ventricular layer	OMIM|607217
GAS2L3	GAS2L3	1.62782E+00	9.21E-15	Cytoskeletal protein	BrainSpLMD|283431	OMIM|617224
PCDH9	PCDH9	1.61025E+00	0	Adhesion molecule	BrainSpLMD|5101;Eurexp|euxassay_014258|facial VII, mantle layer, ventricular layer, vertebral axis muscle system, vestibulocochlear VIII	SFARI||Autism, 4 - Minimal evidence;OMIM|603581
KITLG	KITLG	1.49150E+00	6.23E-13	Growth factor	BrainSpLMD|4254;Eurexp|euxassay_003584|dorsal root ganglion, glomeruli, mantle layer, marginal layer, naris, neural retina, olfactory, olfactory cortex, stroma, thymus primordium, trachea, ventral grey horn, ventricular layer, vibrissa;BrainSpMouseDev|17080	OMIM|184745;HPO|4254|Autosomal dominant inheritance, Cafe-au-lait spot, Heterochromia iridis, Hyperkeratosis, Hypopigmented skin patches, Infantile onset, Multiple lentigines, Premature graying of hair, Progressive hyperpigmentation, Sensorineural hearing impairment, White forelock
GAD2	GAD2	1.42663E+00	7.13E-12	Enzyme: Decarboxylase	BrainSpLMD|2572;Eurexp|euxassay_001769|dorsal grey horn, lateral ventricle, mantle layer;BrainSpMouseDev|14193	OMIM|138275
FAM65B	FAM65B	1.42041E+00	0			
SOX2.OT	SOX2.OT	1.41273E+00	0			
LRRC1	LRRC1	1.37912E+00	8.16E-07	Unclassified	BrainSpLMD|55227	SFARI||Autism, 4 - Minimal evidence;OMIM|608195
PROX1	PROX1	1.35773E+00	1.93E-12	Transcription factor	BrainSpLMD|5629;Eurexp|euxassay_004159|cardiovascular system, lens, liver, mantle layer, marginal layer, mesenchyme, pancreas, ventricle, ventricular layer;BrainSpMouseDev|18893	OMIM|601546
SEPT7P6	SEPT7P6	1.34963E+00	1.01E-07			
ERBB4	ERBB4	1.34771E+00	0	Receptor tyrosine kinase	BrainSpLMD|2066;Eurexp|euxassay_008088|mantle layer, marginal layer, ventricular layer;BrainSpMouseDev|13647	SFARI||Autism, 5 - Hypothesized but untested;OMIM|600543;COSMIC||melanoma, gastric, NSCLC, Amyotrophic lateral sclerosis 19;HPO|2066|Adult onset, Amyotrophic lateral sclerosis, Anxiety, Autosomal dominant inheritance, Depressivity, Dyspnea, Emotional lability, Fatigable weakness of respiratory muscles, Fatigable weakness of swallowing muscles, Fatigue, Generalized muscle weakness, Loss of ability to walk, Muscle cramps, Neurodegeneration, Pain, Paralysis, Respiratory failure, Respiratory insufficiency due to muscle weakness, Skeletal muscle atrophy, Spasticity, Xerostomia
DLX2	DLX2	1.33970E+00	0	Transcription factor	BrainSpLMD|1746;BrainSpMouseDev|13171	SFARI||Autism, 4 - Minimal evidence;OMIM|126255
TCEAL8	TCEAL8	1.31477E+00	0.007145107	Unclassified	BrainSpLMD|90843	
PPP1R12B	PPP1R12B	1.30829E+00	3.30E-06	Regulatory/other subunit	BrainSpLMD|4660	OMIM|603768
CSMD3	CSMD3	1.29412E+00	1.44E-06	Integral membrane protein	BrainSpLMD|114788;Eurexp|euxassay_013996|mantle layer, tegmentum, ventricle	OMIM|608399;COSMIC||ovarian cancer, oral SCC, lung cancer
DLX6	DLX6	1.29258E+00	2.22E-16	Transcription factor	BrainSpLMD|1750;BrainSpMouseDev|13175	SFARI||Autism, 4 - Minimal evidence;OMIM|600030;HPO|1750|Finger syndactyly, Oligodactyly
SLAIN1	SLAIN1	1.26374E+00	0	Unclassified	BrainSpLMD|122060	OMIM|610491
RP11.588P7.1	RP11.588P7.1	1.25690E+00	0			
NR2F2	NR2F2	1.22381E+00	6.44E-12	Nuclear receptor	BrainSpLMD|7026;Eurexp|euxassay_018442|cortex, ductus deferens, extrinsic ocular muscle, incisor, lip, lung, mantle layer, metanephros, metatarsus, molar, oesophagus, stomach, submandibular gland primordium, tongue, trachea, trigeminal V, turbinate bones, ventricular layer, vestibulocochlear VIII, vibrissa;BrainSpMouseDev|11606	OMIM|107773;HPO|7026|Aortic valve stenosis, Atrioventricular canal defect, Autosomal dominant inheritance, Coarctation of aorta, Hypoplastic left heart, Tetralogy of Fallot, Ventricular septal defect
RPL7P32	RPL7P32	1.20892E+00	0.000181445			
ZNF704	ZNF704	1.19346E+00	1.95E-12	Unclassified		
CALM2P3	CALM2P3	1.16202E+00	0			
SLIT1	SLIT1	1.16141E+00	6.18E-11	Ligand	BrainSpLMD|6585;BrainSpMouseDev|20324	OMIM|603742
CCDC88A	CCDC88A	1.14554E+00	0	Cytoskeletal protein	BrainSpLMD|55704;Eurexp|euxassay_012890|mantle layer, ventral grey horn	OMIM|609736;HPO|55704|Abnormality of the hand, Autosomal recessive inheritance, Cerebellar atrophy, Developmental stagnation, Edema, Epicanthus, Feeding difficulties in infancy, Full cheeks, Global developmental delay, Hyperreflexia, Hypoplasia of the corpus callosum, Hypsarrhythmia, Infantile encephalopathy, Intellectual disability, profound, Myoclonus, Narrow forehead, Neuronal loss in central nervous system, Open mouth, Optic atrophy, Pachygyria, Peripheral dysmyelination, Polymicrogyria, Progressive microcephaly, Retrognathia, Seizures, Severe muscular hypotonia, Short nose, Tented upper lip vermilion, Undetectable visual evoked potentials
MTSS1	MTSS1	1.13771E+00	1.11E-15	Cytoskeletal associated protein	BrainSpLMD|9788	OMIM|608486
INA	INA	1.13243E+00	6.44E-09	Cytoskeletal protein	BrainSpLMD|9118;Eurexp|euxassay_012424|cervical, cervico-thoracic, dorsal root ganglion, facial VII, glossopharyngeal IX, mantle layer, midgut, neural retina, olfactory, stomach, thoracic, trigeminal V, vestibulocochlear VIII, vomeronasal organ	OMIM|605338
CSTB	CSTB	1.12087E+00	4.36E-05	Protease inhibitor	BrainSpLMD|1476;Eurexp|euxassay_009738|bladder, mandible, maxilla, stomach, thymus primordium	OMIM|601145;HPO|1476|Absence seizures, Ataxia, Autosomal recessive inheritance, Dysarthria, EEG with polyspike wave complexes, Generalized tonic-clonic seizures, Intention tremor, Limb ataxia, Mental deterioration, Morning myoclonic jerks, Myoclonus
RND3	RND3	1.11173E+00	2.42E-14	G protein	BrainSpLMD|390	OMIM|602924
POU2F1	POU2F1	1.11088E+00	9.47E-07	Transcription factor	BrainSpLMD|5451;BrainSpMouseDev|18749	OMIM|164175
FRY	FRY	1.10286E+00	0.009548026	Unclassified	BrainSpLMD|10129;Eurexp|euxassay_016041|axial skeleton, cervical, cervico-thoracic, clavicle, cricoid, dorsal root ganglion, exoccipital bone, facial VII, fibula, glossopharyngeal IX, mantle layer, metatarsus, nasal septum, neural retina, orbito-sphenoid, otic capsule, pelvic girdle, phalanx, rest of mesenchyme, rib, sternum, temporal bone, thoracic, thyroid, tibia, trigeminal V, turbinate, vagus X, vestibulocochlear VIII, vibrissa	OMIM|614818
FAM214A	FAM214A	1.09490E+00	4.84E-05	Unclassified	Eurexp|euxassay_003223|Meckel's cartilage, adrenal gland, incisor, mesenchyme, molar, pituitary, rib, testis	
NRXN3	NRXN3	1.08683E+00	0	Adhesion molecule	BrainSpLMD|9369;Eurexp|euxassay_009777|bladder, collecting ducts, inner ear, mantle layer, marginal layer, neural retina, vibrissa	SFARI||Autism, 3 - Suggestive evidence;OMIM|600567
ZNF516	ZNF516	1.05082E+00	0.002343528	DNA binding protein	BrainSpLMD|9658;Eurexp|euxassay_019569|metanephros, olfactory, pituitary, testis, ventricular layer, vomeronasal organ;BrainSpMouseDev|108583	OMIM|615114
SLC6A1	SLC6A1	1.04430E+00	1.44E-05	Membrane transport protein	BrainSpLMD|6529;Eurexp|euxassay_018302|brain, glossopharyngeal IX, marginal layer, neural retina, spinal cord, vestibulocochlear VIII;BrainSpMouseDev|87401	SFARI||Autism, 2 - Strong candidate;OMIM|137165;HPO|6529|Abnormal brain FDG positron emission tomography, Absence seizures, Ataxia, Atonic seizures, Autosomal dominant inheritance, Developmental regression, Dysarthria, EEG with abnormally slow frequencies, EEG with spike-wave complexes (>3.5 Hz), Epileptic encephalopathy, Eyelid myoclonus, Intellectual disability, Mental deterioration, Myoclonic atonic seizures, Status epilepticus
ARX	ARX	1.03213E+00	8.21E-09	Transcription factor	BrainSpLMD|170302;Eurexp|euxassay_018148|floor plate, floorplate, mantle layer, mesenchyme, ovary, pancreas, paramesonephric duct, skeletal muscle, tarsus, ventricle, ventricular layer;BrainSpMouseDev|11665	SFARI||Autism, No category;OMIM|300382;HPO|170302|Abnormal hair pattern, Abnormality of skin morphology, Abnormality of the hip bone, Agenesis of corpus callosum, Ambiguous genitalia, Broad alveolar ridges, Choreoathetosis, Coarse facial features, Cryptorchidism, Death in infancy, Decreased testicular size, Delayed speech and language development, Developmental regression, Diarrhea, Duane anomaly, Dysarthria, Dysphagia, Dyspnea, Dystonia, EEG abnormality, Epileptic encephalopathy, Feeding difficulties in infancy, Flexion contracture, Focal dystonia, Generalized hirsutism, Generalized hypotonia, Generalized myoclonic seizures, Gliosis, Global developmental delay, Hemiplegia, High forehead, High palate, Hirsutism, Hyperconvex nail, Hyperreflexia, Hypohidrosis, Hypoplasia of penis, Hypospadias, Hypsarrhythmia, Infantile spasms, Intellectual disability, Intellectual disability, progressive, Intellectual disability, severe, Large eyes, Limb dystonia, Limb joint contracture, Lissencephaly, Long philtrum, Long upper lip, Low anterior hairline, Low-set ears, Lower limb spasticity, Malabsorption, Microcephaly, Micrognathia, Micropenis, Muscle stiffness, Muscular hypotonia, Muscular hypotonia of the trunk, Myoclonus, Neonatal hypotonia, Nystagmus, Optic atrophy, Overlapping toe, Pachygyria, Profound global developmental delay, Prominent nasal bridge, Prominent supraorbital ridges, Protruding ear, Renal dysplasia, Rigidity, Scoliosis, Seizures, Severe global developmental delay, Short stature, Spastic tetraplegia, Spasticity, Specific learning disability, Status epilepticus, Strabismus, Synophrys, Tapered finger, Tetraplegia, Thin upper lip vermilion, Triangular face, Ventriculomegaly, Visual impairment, Wide anterior fontanel, Wide nasal bridge, X-linked inheritance, X-linked recessive inheritance
RP11.175B9.3	RP11.175B9.3	1.02179E+00	1.03E-07			
EEA1	EEA1	1.02170E+00	1.10E-05	Membrane transport protein	BrainSpLMD|8411	OMIM|605070
RBP1	RBP1	9.83537E-01	3.44E-06	Transport/cargo protein	BrainSpLMD|5947;Eurexp|euxassay_003315|brain, corpus striatum, forelimb, hindbrain, hindlimb, mantle layer, midgut, olfactory lobe, telencephalon, turbinate bones	OMIM|180260
IBTK	IBTK	9.79406E-01	0.000464812	Unclassified	BrainSpLMD|25998	OMIM|606457
MINOS1	MINOS1	9.57793E-01	1.73E-11	Unclassified		OMIM|616574
ELOVL6	ELOVL6	9.54994E-01	0.002979621	Unclassified	BrainSpLMD|79071;Eurexp|euxassay_007796|embryo	OMIM|611546
RBM17	RBM17	9.49947E-01	0.001991889	RNA binding protein	BrainSpLMD|84991	OMIM|606935
ARID1B	ARID1B	9.47144E-01	2.47E-10	Transcription factor	BrainSpLMD|57492	SFARI||Autism, 1 - High confidence;OMIM|614556;COSMIC||breast, hepatocellular carcinoma;HPO|57492|Abnormal hair pattern, Abnormality of cardiovascular system morphology, Abnormality of the dentition, Abnormality of the metacarpal bones, Abnormality of the pinna, Abnormality of vision, Absence seizures, Agenesis of corpus callosum, Aggressive behavior, Alopecia, Anteverted nares, Aphasia, Aplasia of the uterus, Aplasia/Hypoplasia of the cerebellum, Aplasia/Hypoplasia of the distal phalanx of the 5th finger, Aplasia/Hypoplasia of the patella, Astigmatism, Atrial septal defect, Autistic behavior, Autosomal dominant inheritance, Autosomal recessive inheritance, Blepharophimosis, Brachydactyly, Broad distal phalanx of finger, Broad nasal tip, Bulbous nose, Choanal atresia, Cleft palate, Clubbing of toes, Coarse facial features, Congenital diaphragmatic hernia, Coxa valga, Cryptorchidism, Curly eyelashes, Cutis marmorata, Dandy-Walker malformation, Delayed eruption of teeth, Delayed skeletal maturation, Depressed nasal bridge, Depressed nasal ridge, Dislocated radial head, Downslanted palpebral fissures, Duodenal ulcer, Dysphasia, Echolalia, Ectopic kidney, Eczema, Elbow dislocation, Epicanthus, Epileptic spasms, Everted lower lip vermilion, Excessive wrinkled skin, Facial hypertrichosis, Failure to thrive, Feeding difficulties in infancy, Gastric ulcer, Generalized hirsutism, Global developmental delay, Hearing impairment, Hemangioma, High palate, High, narrow palate, Highly arched eyebrow, Hydronephrosis, Hypertelorism, Hypoplasia of the corpus callosum, Hypoplastic fifth fingernail, Hypospadias, Hypotelorism, Hypotrichosis, Inguinal hernia, Intellectual disability, Intellectual disability, mild, Intestinal malrotation, Intrauterine growth retardation, Intussusception, Joint dislocation, Joint hyperflexibility, Joint laxity, Kyphosis, Long eyelashes, Long philtrum, Low-set ears, Low-set, posteriorly rotated ears, Lumbosacral hirsutism, Malar flattening, Microcephaly, Muscular hypotonia, Mutism, Myopia, Narrow nasal bridge, Nystagmus, Partial agenesis of the corpus callosum, Patent ductus arteriosus, Phenotypic variability, Plagiocephaly, Posteriorly rotated ears, Postnatal growth retardation, Preauricular skin tag, Prominent interphalangeal joints, Ptosis, Recurrent respiratory infections, Renal hypoplasia, Sacral dimple, Sandal gap, Scoliosis, Seizures, Sensorineural hearing impairment, Severe expressive language delay, Severe short stature, Short distal phalanx of finger, Short distal phalanx of the 5th finger, Short distal phalanx of the 5th toe, Short palm, Short palpebral fissure, Short stature, Short sternum, Single transverse palmar crease, Slow-growing hair, Smooth philtrum, Sparse scalp hair, Specific learning disability, Spina bifida occulta, Status epilepticus, Strabismus, Tetralogy of Fallot, Thick eyebrow, Thick lower lip vermilion, Thick nasal alae, Thin upper lip vermilion, Thin vermilion border, Triangular face, Umbilical hernia, Ventricular septal defect, Visual impairment, Wide intermamillary distance, Wide mouth, Wide nasal bridge
PDE4DIP	PDE4DIP	9.46070E-01	3.24E-06	Transport/cargo protein	BrainSpLMD|9659;Eurexp|euxassay_015920|dorsal root ganglion, facial VII, glossopharyngeal IX, trigeminal V, vestibulocochlear VIII	OMIM|608117;COSMIC||MPN
NGRN	NGRN	9.39033E-01	0.000391378	Unclassified		OMIM|616718
CH17.472G23.4	CH17.472G23.4	9.21314E-01	3.82E-06			
SUDS3	SUDS3	9.14923E-01	0.002371394	Transcription regulatory protein	BrainSpLMD|64426	OMIM|608250
RPL23P8	RPL23P8	9.11573E-01	6.24E-10			
GAD1	GAD1	9.06628E-01	0	Enzyme: Decarboxylase	BrainSpLMD|2571;Eurexp|euxassay_005634|cerebral cortex, corpus striatum, hindbrain, incisor, mantle layer, marginal layer, molar, olfactory lobe, oral region, spinal cord, telencephalon;BrainSpMouseDev|14191	SFARI||Autism, 5 - Hypothesized but untested;OMIM|605363;HPO|2571|Autosomal recessive inheritance, Babinski sign, Cerebral palsy, Flexion contracture, Global developmental delay, Heterogeneous, Hyperreflexia, Infantile onset, Intellectual disability, Microcephaly, Scoliosis, Seizures, Spastic diplegia, Spastic tetraplegia
LRCH2	LRCH2	9.00107E-01	0.000422806	Unclassified	BrainSpLMD|57631;Eurexp|euxassay_013951|anterior abdominal wall, bladder, brain, cortex, extrinsic, metanephros, spinal cord	
DCLK1	DCLK1	8.82664E-01	0.007966514	Serine/threonine kinase	BrainSpLMD|9201;Eurexp|euxassay_018536|floor plate, floorplate, mantle layer, ventral grey horn, ventricular layer	OMIM|604742
MYCBP2	MYCBP2	8.71149E-01	0.000700475	Transcription regulatory protein	BrainSpLMD|23077;Eurexp|euxassay_009485|brain, cervical, cervico-thoracic, dorsal root ganglion, facial VII, glossopharyngeal IX, neural retina, spinal cord, thoracic, trigeminal V, vestibulocochlear VIII;BrainSpMouseDev|69854	OMIM|610392
MEG3	MEG3	8.70167E-01	1.32E-14			OMIM|605636
CLINT1	CLINT1	8.58982E-01	0.002495098	Transport/cargo protein	BrainSpLMD|9685;Eurexp|euxassay_011314|basioccipital bone, basisphenoid bone, clavicle, cortex, cricoid, liver, mandible, maxilla, midgut, naris, orbito-sphenoid, otic capsule, petrous part, rectum, rib, sternum, sublingual gland primordium, submandibular gland primordium, temporal bone, thyroid, turbinate bones, valve, vault of skull	OMIM|607265
LPGAT1	LPGAT1	8.50610E-01	0.000371361	Enzyme: Acyltransferase	BrainSpLMD|9926	OMIM|610473
MAGI1	MAGI1	8.44289E-01	7.09E-06	Cell junction protein	BrainSpLMD|9223;Eurexp|euxassay_016214|axial skeleton, clavicle, femur, fibula, humerus, pelvic girdle, rib, scapula, tibia	OMIM|602625
C19orf43	C19orf43	8.38070E-01	0.000435883			
WI2.1896O14.1	WI2.1896O14.1	8.31812E-01	3.52E-05			
TFAM	TFAM	8.30723E-01	0.000422972	Transcription factor	BrainSpLMD|7019;Eurexp|euxassay_002182|thymus primordium, ventricular layer;BrainSpMouseDev|21539	OMIM|600438;HPO|7019|Abnormality of the coagulation cascade, Ascites, Autosomal recessive inheritance, Cirrhosis, Congenital onset, Death in infancy, Elevated hepatic transaminases, Failure to thrive, Hepatic failure, Hypoglycemia, Intrauterine growth retardation, Jaundice, Microvesicular hepatic steatosis, Progressive
CCDC93	CCDC93	8.28798E-01	0.002035638	Unclassified	BrainSpLMD|54520;Eurexp|euxassay_019257|adrenal gland, diencephalon, floorplate, medulla	
BTBD9	BTBD9	8.22361E-01	0.009559102	Unclassified	BrainSpLMD|114781	OMIM|611237
PLCG1	PLCG1	8.16814E-01	0.002778003	Enzyme: Phospholipase	BrainSpLMD|5335;BrainSpMouseDev|18567	OMIM|172420;COSMIC||angiosarcoma
PFN2	PFN2	8.12220E-01	2.60E-10	Structural protein	BrainSpLMD|5217;Eurexp|euxassay_002518|brain, cervical, cervico-thoracic, dorsal root ganglion, glossopharyngeal IX, spinal cord, stroma, thoracic, trigeminal V, vagus X, vestibulocochlear VIII, vibrissa	OMIM|176590
KLF7	KLF7	8.09820E-01	0.000817118	Transcription factor	BrainSpLMD|8609;Eurexp|euxassay_003485|cervical, cervico-thoracic, dorsal root ganglion, facial VII, glossopharyngeal IX, mantle layer, marginal layer, neural retina, olfactory, respiratory, stroma, thoracic, trigeminal V, vagus X, ventral grey horn, vestibulocochlear VIII;BrainSpMouseDev|60343	OMIM|604865
BTG1	BTG1	7.92919E-01	2.81E-05	Cell cycle control protein	BrainSpLMD|694	OMIM|109580;COSMIC||B-CLL
VPS72	VPS72	7.91102E-01	1.56E-05	Transcription factor	BrainSpLMD|6944	OMIM|600607
CDH2	CDH2	7.88204E-01	0.000108186	Adhesion molecule	BrainSpLMD|1000;Eurexp|euxassay_003128|L1, L2, L3, L4, L5, Meckel's cartilage, annulus fibrosus, axial skeleton, basisphenoid bone, brain, cervical, cervico-thoracic, chondrocranium, cortex, cranium, dorsal root ganglion, epidermis, exoccipital bone, facial VII, foregut-midgut junction, forelimb, frontal bone primordium, glossopharyngeal IX, head mesenchyme, hindgut, hindlimb, incisor, leg, lip, lumbar region, mesenchyme, midgut, molar, neural retina, nucleus polposus, nucleus pulposus, olfactory, orbito-sphenoid, penis, pituitary, rib, sacral region, skin, spinal cord, stomach, thoracic, tongue, trigeminal V, vagus X, vestibulocochlear VIII, vibrissa;BrainSpMouseDev|12343	OMIM|114020
TCF4	TCF4	7.83818E-01	2.74E-11	Transcription factor	BrainSpLMD|6925;BrainSpMouseDev|21174	SFARI||Autism, No category;OMIM|602272;HPO|6925|Abnormal large intestine physiology, Abnormality of the palate, Absent speech, Aggressive behavior, Anteverted nares, Aphasia, Ascites, Astigmatism, Ataxia, Autoimmunity, Autosomal dominant inheritance, Cirrhosis, Clinodactyly, Clubbing, Coarse facial features, Constipation, Cryptorchidism, Cupped ear, Deeply set eye, Dilated superficial abdominal veins, Dysautonomia, Dysphasia, Echolalia, Elevated alkaline phosphatase of hepatic origin, Elevated hepatic transaminases, Encephalopathy, Esophagitis, Failure of eruption of permanent teeth, Failure to thrive, Feeding difficulties, Fever, Full cheeks, Gait ataxia, Gastroesophageal reflux, Generalized hypotonia, Global developmental delay, Growth delay, Hepatic fibrosis, Hepatomegaly, Hepatosplenomegaly, Hiatus hernia, Hypoplasia of the corpus callosum, Incoordination, Intellectual disability, Intellectual disability, progressive, Intellectual disability, severe, Intermittent hyperventilation, Microcephaly, Micropenis, Misalignment of teeth, Motor delay, Muscular hypotonia, Mutism, Myopia, Narrow foot, Narrow forehead, Open mouth, Palmar telangiectasia, Pes planus, Pes valgus, Portal hypertension, Seizures, Short neck, Short philtrum, Single transverse palmar crease, Sleep apnea, Specific learning disability, Spider hemangioma, Splenomegaly, Strabismus, Tapered finger, Thick vermilion border, Thickened helices, Ulcerative colitis, Upslanted palpebral fissure, Weight loss, Wide mouth, Wide nasal bridge, Widely spaced teeth
YEATS2	YEATS2	7.81024E-01	0.000261587	Unclassified	BrainSpLMD|55689	SFARI||Autism, No category;OMIM|613373
EPHA5	EPHA5	7.79581E-01	0.008630233	Receptor tyrosine kinase	BrainSpLMD|2044;Eurexp|euxassay_018953|dorsal root ganglion, facial VII, glossopharyngeal IX, mantle layer, trigeminal V, vagus X, vestibulocochlear VIII;BrainSpMouseDev|13617	OMIM|600004
C2orf68	C2orf68	7.72201E-01	1.39E-07	Unclassified		
PRPSAP2	PRPSAP2	7.71910E-01	0.00285162	Regulatory/other subunit	BrainSpLMD|5636;Eurexp|euxassay_001483|brain, cervical, cervico-thoracic, cortex, dorsal root ganglion, glossopharyngeal IX, neural retina, spinal cord, thoracic, trigeminal V, vestibulocochlear VIII	OMIM|603762
STRIP1	STRIP1	7.65083E-01	0.008909678	Unclassified	BrainSpLMD|85369;Eurexp|euxassay_002357|brain, dorsal root ganglion, facial VII, ganglion, glossopharyngeal IX, spinal cord, trigeminal V, vestibulocochlear VIII	
MEIS1	MEIS1	7.63503E-01	0.008089356	Transcription factor	BrainSpLMD|4211;Eurexp|euxassay_010373|cornea, epithelium, hindgut, incisor, lung, mantle layer, marginal layer, metanephros, midgut, neural retina, olfactory, respiratory, sublingual gland primordium, submandibular gland primordium, trachea, ventricular layer, vibrissa;BrainSpMouseDev|17037	OMIM|601739
SAFB2	SAFB2	7.59231E-01	0.000879274	Unclassified	BrainSpLMD|9667	OMIM|608066
ZCCHC17	ZCCHC17	7.54808E-01	3.95E-06	RNA binding protein	BrainSpLMD|51538	
CELF4	CELF4	7.54397E-01	1.08E-13	RNA binding protein	BrainSpLMD|56853;Eurexp|euxassay_009241|brain, dorsal root ganglion, glossopharyngeal IX, neural retina, spinal cord, trigeminal V, vagus X, vestibulocochlear VIII	SFARI||Autism, No category;OMIM|612679
SERINC5	SERINC5	7.53176E-01	0.000316491	Unclassified	BrainSpLMD|256987;Eurexp|euxassay_011506|anterior, clavicle, floor plate, floorplate, incisor, mantle layer, marginal layer, molar, phalanx, thyroid, ventricular layer, vibrissa	OMIM|614551
DDX27	DDX27	7.52051E-01	0.004740296	RNA helicase	BrainSpLMD|55661	OMIM|616621
DCLK2	DCLK2	7.44995E-01	9.00E-14	Serine/threonine kinase	BrainSpLMD|166614;Eurexp|euxassay_009796|associated mesenchyme, brain, cervical, cervico-thoracic, dorsal root ganglion, facial VII, glossopharyngeal IX, nasal cavity, neural retina, spinal cord, thoracic, trigeminal V, vagus X, vestibulocochlear VIII	OMIM|613166
USP34	USP34	7.40975E-01	0.001406624	Ubiquitin proteasome system protein	BrainSpLMD|9736	OMIM|615295
CHD7	CHD7	7.34455E-01	5.45E-06	DNA binding protein	Eurexp|euxassay_010758|marginal layer, olfactory, ventricular layer, vestibulocochlear VIII, vomeronasal organ	SFARI||Autism, No category;OMIM|608892;HPO|55636|Abnormality of body height, Abnormality of female internal genitalia, Abnormality of lymphocytes, Abnormality of the aortic valve, Abnormality of the cardiac septa, Abnormality of the inner ear, Abnormality of the soft palate, Abnormality of the voice, Absence of pubertal development, Absence of secondary sex characteristics, Alopecia, Anophthalmia, Anosmia, Anterior hypopituitarism, Anxiety, Aplasia/Hypoplasia of the earlobes, Aplasia/Hypoplasia of the eyebrow, Aplasia/Hypoplasia of the thymus, Atrial septal defect, Attention deficit hyperactivity disorder, Autism, Autosomal dominant inheritance, Bifid scrotum, Breast hypoplasia, Choanal atresia, Chorioretinal coloboma, Chronic diarrhea, Cleft lip, Cleft palate, Cleft upper lip, Coloboma, Cryptorchidism, Decreased fertility, Decreased testicular size, Decreased testosterone in males, Delayed eruption of teeth, Delayed puberty, Delayed skeletal maturation, Depressed nasal bridge, Depressivity, Desquamation of skin soon after birth, Dilatation of the aortic arch, Dimple chin, Double outlet right ventricle, Downslanted palpebral fissures, Dry skin, Duodenal atresia, Dysphagia, Edema, Eosinophilia, Erectile abnormalities, Erythroderma, Esophageal atresia, Eunuchoid habitus, External ear malformation, Facial asymmetry, Facial palsy, Failure to thrive, Feeding difficulties, Female hypogonadism, Fever, Gastroesophageal reflux, Gonadotropin deficiency, Gynecomastia, Hearing impairment, Hepatomegaly, Horseshoe kidney, Hydronephrosis, Hypocalcemia, Hypogonadotrophic hypogonadism, Hypoplasia of penis, Hypoplasia of the ovary, Hypoplasia of the uterus, Hyposmia, Hypothalamic gonadotropin-releasing hormone deficiency, Hypothyroidism, Impotence, Increased female libido, Intellectual disability, Interrupted aortic arch, Iris coloboma, Labial hypoplasia, Low-set, posteriorly rotated ears, Lymphadenopathy, Lymphopenia, Malar flattening, Male hypogonadism, Micropenis, Microphthalmia, Muscular hypotonia, Narrow face, Narrow mouth, Non-obstructive azoospermia, Nystagmus, Obsessive-compulsive behavior, Optic atrophy, Osteopenia, Osteoporosis, Overfolded helix, Parathyroid hypoplasia, Patent ductus arteriosus, Phenotypic variability, Pneumonia, Polyhydramnios, Posterior choanal atresia, Postnatal growth retardation, Primary amenorrhea, Pruritus, Ptosis, Pulmonic stenosis, Reduced bone mineral density, Secondary amenorrhea, Sensorineural hearing impairment, Severe combined immunodeficiency, Sparse body hair, Splenomegaly, Sporadic, Square face, Strabismus, Tetralogy of Fallot, Thickened skin, Tracheoesophageal fistula, Umbilical hernia, Ventricular septal defect, Wide intermamillary distance
LINC00461	LINC00461	7.30764E-01	0.002691545		Eurexp|euxassay_008007|marginal layer, ventricular layer	OMIM|616611
TPP2	TPP2	7.21437E-01	0.0007751	Aminopeptidase	BrainSpLMD|7174	OMIM|190470;HPO|7174|Autoimmune hemolytic anemia, Autoimmune thrombocytopenia, Hemiparesis, Hepatitis, Lymphadenopathy, Lymphopenia, Moderate global developmental delay, Recurrent otitis media, Respiratory tract infection, Splenomegaly, Stroke, Systemic lupus erythematosus
DHPS	DHPS	7.11808E-01	0.002237504	Enzyme: Synthase	BrainSpLMD|1725	OMIM|600944
PDS5A	PDS5A	7.02310E-01	0.004409931	Unclassified	BrainSpLMD|23244;Eurexp|euxassay_012483|cortex, incisor, molar, olfactory, submandibular gland primordium, thymus primordium, ventricular layer, vibrissa	OMIM|613200
CTR9	CTR9	6.96697E-01	0.001193378	Transcription regulatory protein	BrainSpLMD|9646	OMIM|609366
UQCR11	UQCR11	6.96253E-01	2.09E-08	Enzyme: Reductase	BrainSpLMD|10975	OMIM|609711
RP4.635E18.8	RP4.635E18.8	6.90693E-01	0.004035027			
CACYBP	CACYBP	6.87150E-01	7.24E-06	Ubiquitin proteasome system protein	BrainSpLMD|27101;Eurexp|euxassay_006213|brain, cervical, cervico-thoracic, cortex, diencephalon, dorsal root ganglion, facial VII, forebrain, glossopharyngeal IX, hindbrain, left, mandible, maxilla, midbrain, molar, olfactory, orbito-sphenoid, right, spinal cord, submandibular gland primordium, telencephalon, thoracic, thymus primordium, trigeminal V, vertebral axis muscle system, vibrissa	OMIM|606186
DPYSL3	DPYSL3	6.82096E-01	0.001680254	Enzyme: Hydrolase	BrainSpLMD|1809;Eurexp|euxassay_010399|cervical, cervico-thoracic, diencephalon, dorsal root ganglion, facial VII, glossopharyngeal IX, hindbrain, mantle layer, midbrain, midgut, neural retina, olfactory, stomach, telencephalon, thoracic, trigeminal V, vestibulocochlear VIII, vomeronasal organ	OMIM|601168
SOX1	SOX1	6.75361E-01	0.002616893	Transcription factor	BrainSpLMD|6656;Eurexp|euxassay_019565|ventral grey horn, ventricular layer	OMIM|602148
MOB1B	MOB1B	6.74053E-01	0.007066871	Unclassified	BrainSpLMD|92597	OMIM|609282
PLS3	PLS3	6.73624E-01	1.04E-09	Structural protein	BrainSpLMD|5358	OMIM|300131;HPO|5358|Osteopenia, Osteoporosis, Vertebral compression fractures, X-linked dominant inheritance
ZNF22	ZNF22	6.61310E-01	0.004015846	DNA binding protein	BrainSpLMD|7570;Eurexp|euxassay_004421|alimentary system, cardiovascular system, cavities and their linings, gland, integumental system, limb, nervous system, renal/urinary system, reproductive system, respiratory system, sensory organ, skeleton, tail, vertebral axis muscle system	OMIM|194529
RPP30	RPP30	6.60812E-01	0.000806375	Ribonuclease	BrainSpLMD|10556;Eurexp|euxassay_006550|liver, lung, metanephros, olfactory, pancreas, primitive seminiferous tubules, submandibular gland primordium, thymus primordium, thyroid, ventricular layer, vibrissa	OMIM|606115
BMS1	BMS1	6.60566E-01	0.000274724	Unclassified	BrainSpLMD|9790	OMIM|611448;HPO|9790|Aplasia cutis congenita over the scalp vertex, Autosomal dominant inheritance, Autosomal recessive inheritance, Calvarial skull defect, Congenital localized absence of skin, Skin ulcer, Spinal dysraphism
SPEN	SPEN	6.57707E-01	0.009568902	Transcription regulatory protein	BrainSpLMD|23013;BrainSpMouseDev|35661	OMIM|613484;COSMIC||SMZL, adenoid cystic carcinoma, DLBCL
USP33	USP33	6.43986E-01	0.000668734	Ubiquitin proteasome system protein	BrainSpLMD|23032	OMIM|615146
MOB3B	MOB3B	6.38630E-01	0.003135204	Unclassified	BrainSpLMD|79817;Eurexp|euxassay_011555|incisor, molar	OMIM|617652
CCDC50	CCDC50	6.37606E-01	0.000332968	Unclassified	BrainSpLMD|152137	OMIM|611051;HPO|152137|Autosomal dominant inheritance, Sensorineural hearing impairment
SMDT1	SMDT1	6.37427E-01	0.003061283	Unclassified	BrainSpLMD|91689;Eurexp|euxassay_006832|cervical, cervico-thoracic, dorsal root ganglion, facial VII, glossopharyngeal IX, mantle layer, neural retina, orbito-sphenoid, thoracic, trigeminal V, vagus X, ventral grey horn, vestibulocochlear VIII, vibrissa	OMIM|615588
RSRC2	RSRC2	6.34111E-01	0.009820854	Unclassified	BrainSpLMD|65117	
TTL	TTL	6.31560E-01	0.004267131	Enzyme: Ligase	BrainSpLMD|150465;Eurexp|euxassay_003613|cervical, cervico-thoracic, dorsal root ganglion, facial VII, glossopharyngeal IX, mantle layer, thoracic, trigeminal V, ventral grey horn	OMIM|608291
DNAJB6	DNAJB6	6.29116E-01	0.004039778	Chaperone	BrainSpLMD|10049;Eurexp|euxassay_001462|brain, cervical, cervico-thoracic, dorsal root ganglion, glossopharyngeal IX, spinal cord, thoracic, trigeminal V	OMIM|611332;HPO|10049|Adult onset, Autosomal dominant inheritance, Difficulty climbing stairs, Dysphagia, Elevated serum creatine phosphokinase, Gowers sign, Muscle fiber splitting, Muscular dystrophy, Pelvic girdle muscle weakness, Rimmed vacuoles, Shoulder girdle muscle weakness, Slow progression, Waddling gait
GNAQ	GNAQ	6.28338E-01	0.004512081	G protein	BrainSpLMD|2776	OMIM|600998;COSMIC||uveal melanoma, primary central nervous system melanocytic neoplasms;HPO|2776|Arachnoid hemangiomatosis, Arteriovenous malformation, Attention deficit hyperactivity disorder, Autosomal dominant inheritance, Buphthalmos, Capillary hemangiomas, Cerebral cortical atrophy, Choroidal hemangioma, Choroidal melanoma, Ciliary body melanoma, Facial hemangioma, Glaucoma, Hypermelanotic macule, Hyperreflexia, Intellectual disability, Iris melanoma, Macrocephaly, Nevus flammeus, Optic atrophy, Papule, Retinal detachment, Seizures, Sporadic, Strabismus, Stroke, Visual loss
RASSF2	RASSF2	6.28116E-01	0.003656688	Cell cycle control protein	BrainSpLMD|9770;Eurexp|euxassay_010507|meninges, valve, ventricular layer	OMIM|609492
CHL1	CHL1	6.26911E-01	0.001169054	Adhesion molecule	BrainSpLMD|10752;BrainSpMouseDev|12446	OMIM|607416;HPO|10752|Atrioventricular canal defect, Brachycephaly, Cleft palate, Cognitive impairment, Cryptorchidism, Downturned corners of mouth, Epicanthus, Hearing impairment, High palate, Hypertelorism, Intrauterine growth retardation, Long philtrum, Low-set, posteriorly rotated ears, Microcephaly, Micrognathia, Muscular hypotonia, Postaxial hand polydactyly, Ptosis, Short stature, Telecanthus
RP11.408P14.1	RP11.408P14.1	6.24248E-01	0.0001943			
DDX10	DDX10	6.22767E-01	2.64E-05	RNA binding protein	BrainSpLMD|1662	OMIM|601235;COSMIC||AML*
MYL6B	MYL6B	6.19652E-01	0.000261575	Structural protein	BrainSpLMD|140465;Eurexp|euxassay_005932|brain, diaphragm, mesenchyme, paraxial mesenchyme, skeletal muscle, spinal cord, vertebral axis muscle system	OMIM|609930
BLOC1S1	BLOC1S1	6.15705E-01	0.002392277	Enzyme: Acyltransferase	BrainSpLMD|2647	OMIM|601444
PDE4D	PDE4D	6.12717E-01	0.002521388	Enzyme: Phosphodiesterase	BrainSpLMD|5144	OMIM|600129;HPO|5144|Abnormal form of the vertebral bodies, Abnormality of female external genitalia, Abnormality of immune system physiology, Abnormality of the nail, Absent/hypoplastic paranasal sinuses, Accelerated skeletal maturation, Anteverted nares, Autism, Autosomal dominant inheritance, Blue irides, Brachycephaly, Brachydactyly, Cerebral venous thrombosis, Cone-shaped epiphysis, Congenital craniofacial dysostosis, Congenital hypothyroidism, Congenital onset, Cryptorchidism, Delayed eruption of teeth, Delayed speech and language development, Depressed nasal bridge, Depressed nasal ridge, Diabetes mellitus, Elevated calcitonin, Elevated circulating parathyroid hormone level, Epiphyseal stippling, Fair hair, Global developmental delay, Growth hormone deficiency, Hearing impairment, Hyperactivity, Hyperphosphatemia, Hypertelorism, Hypocalcemia, Hypogonadism, Hypoplasia of the maxilla, Hypoplasia of the nasal bone, Hypoplasia of the radius, Hypoplasia of the ulna, Hypoplastic vertebral bodies, Hypospadias, Increased intracranial pressure, Intellectual disability, Intrauterine growth retardation, Malar flattening, Mandibular prognathia, Micromelia, Midface retrusion, Mild short stature, Narrow vertebral interpedicular distance, Obesity, Open mouth, Peripheral neuropathy, Pseudohypoparathyroidism, Red hair, Round face, Scoliosis, Short metacarpal, Short metatarsal, Short nose, Short phalanx of finger, Short stature, Short toe, Specific learning disability, Spinal canal stenosis, Wide nasal bridge
TCF3	TCF3	6.10875E-01	0.007277068	Transcription factor	BrainSpLMD|6929;BrainSpMouseDev|21184	OMIM|147141;COSMIC||pre B-ALL;HPO|6929|Agammaglobulinemia, Arthritis, Autosomal dominant inheritance, B lymphocytopenia, Chronic otitis media, Conjunctivitis, Cough, Diarrhea, Failure to thrive, Fatigue, Fever, Immunodeficiency, Infantile onset, Osteomyelitis, Recurrent respiratory infections, Recurrent skin infections, Sinusitis, Skin rash
UBE2L3	UBE2L3	6.10059E-01	2.61E-05	Ubiquitin proteasome system protein	BrainSpLMD|7332	OMIM|603721
DCX	DCX	6.05733E-01	2.33E-15	Cytoskeletal associated protein	BrainSpLMD|1641;Eurexp|euxassay_018537|brain, capsule, cervical, cervico-thoracic, diaphragm, dorsal root ganglion, facial VII, footplate, glossopharyngeal IX, handplate, midgut, neural retina, olfactory, rest of mesenchyme, skeletal muscle, spinal cord, stomach, thoracic, trigeminal V, vagus X, vertebral axis muscle system, vestibulocochlear VIII;BrainSpMouseDev|12973	SFARI||Autism, No category;OMIM|300121;HPO|1641|Agenesis of corpus callosum, Ataxia, Death in infancy, Dysarthria, Feeding difficulties, Hypertonia, Incomplete penetrance, Infantile onset, Intellectual disability, Intellectual disability, severe, Lissencephaly, Micropenis, Motor delay, Muscular hypotonia, Muscular hypotonia of the trunk, Nystagmus, Pachygyria, Postnatal growth retardation, Seizures, X-linked inheritance
PSMD14	PSMD14	5.95657E-01	4.69E-06	Ubiquitin proteasome system protein	BrainSpLMD|10213	OMIM|607173
PPME1	PPME1	5.95641E-01	5.61E-05	Enzyme: Methyltransferase	BrainSpLMD|51400;Eurexp|euxassay_003617|bladder, cervical, cervico-thoracic, clavicle, dorsal root ganglion, facial VII, fundus region, glossopharyngeal IX, incisor, olfactory, penis, respiratory, submandibular gland primordium, thoracic, thymus primordium, thyroid, trigeminal V, urethra, vagus X, vestibulocochlear VIII, vibrissa	OMIM|611117
RIF1	RIF1	5.94311E-01	0.002829164	DNA binding protein	BrainSpLMD|55183	OMIM|608952
WDR47	WDR47	5.87361E-01	0.004076633	Unclassified	BrainSpLMD|22911;Eurexp|euxassay_004509|brain, dorsal root ganglion, glossopharyngeal IX, neural retina, olfactory, spinal cord, stroma, trigeminal V, vagus X, vestibulocochlear VIII, vibrissa	OMIM|615734
ARIH2	ARIH2	5.76984E-01	0.006973449	Ubiquitin proteasome system protein	BrainSpLMD|10425	OMIM|605615
AC012358.8	AC012358.8	5.73539E-01	0.005930615			
SF3B5	SF3B5	5.73351E-01	0.00314895	Unclassified	BrainSpLMD|83443;Eurexp|euxassay_005026|orbito-sphenoid, ventricular layer	
OTUD6B.AS1	OTUD6B.AS1	5.67924E-01	0.000408123			
APLP1	APLP1	5.66489E-01	0.002915484	Transcription regulatory protein;Unclassified	BrainSpLMD|333;Eurexp|euxassay_005371|adenohypophysis, brain, cervical, cervico-thoracic, dorsal root ganglion, facial VII, glossopharyngeal IX, male, nasal septum, neural retina, olfactory, respiratory, spinal cord, stroma, thoracic, trigeminal V, vagus X, vestibulocochlear VIII;BrainSpMouseDev|11590	OMIM|104775
ATF7IP	ATF7IP	5.64589E-01	6.13E-06	Transcription regulatory protein	BrainSpLMD|55729	OMIM|613644
EIF3LP2	EIF3LP2	5.57188E-01	2.19E-06			
GOLGA7	GOLGA7	5.56086E-01	1.14E-05	Integral membrane protein	BrainSpLMD|51125	OMIM|609453
FAM172A	FAM172A	5.47270E-01	0.003333951	Unclassified	BrainSpLMD|83989;Eurexp|euxassay_010283|ventricular layer	
SETD2	SETD2	5.45440E-01	0.009291556	DNA binding protein	BrainSpLMD|29072	SFARI||Autism, 3 - Suggestive evidence;OMIM|612778;COSMIC||clear cell renal carcinoma;HPO|29072|Abnormality of immune system physiology, Accelerated skeletal maturation, Advanced eruption of teeth, Advanced ossification of carpal bones, Aggressive behavior, Anteverted nares, Aplasia/Hypoplasia of the corpus callosum, Arnold-Chiari malformation, Autistic behavior, Autosomal dominant inheritance, Conductive hearing impairment, Delayed speech and language development, Depressed nasal ridge, Dolichocephaly, Downslanted palpebral fissures, Feeding difficulties in infancy, Frontal bossing, Generalized hypotonia, Global developmental delay, High anterior hairline, High forehead, High palate, Hirsutism, Hypertelorism, Hypoglycemia, Intellectual disability, Long face, Long foot, Long nose, Macrocephaly, Macrotia, Malar flattening, Mandibular prognathia, Menstrual irregularities, Muscular hypotonia, Obesity, Overgrowth, Phenotypic variability, Pointed chin, Polycystic ovaries, Polyphagia, Precocious puberty, Prominent forehead, Recurrent otitis media, Seizures, Short stature, Shyness, Slurred speech, Syringomyelia, Tall stature, Ventriculomegaly
GMCL1	GMCL1	5.41533E-01	0.003059631	Transcription regulatory protein	BrainSpLMD|64395	
SUB1	SUB1	5.41028E-01	0.00211051	Transcription factor	BrainSpLMD|10923	OMIM|600503
CACUL1	CACUL1	5.40197E-01	0.005956583	Unclassified	BrainSpLMD|143384	
RSRC1	RSRC1	5.34764E-01	0.003475658	Unclassified	BrainSpLMD|51319	OMIM|613352
AC009245.3	AC009245.3	5.34584E-01	2.56E-05			
PSMC2	PSMC2	5.26423E-01	7.55E-05	Ubiquitin proteasome system protein	BrainSpLMD|5701	OMIM|154365
TIMM44	TIMM44	5.25678E-01	0.003087097	Enzyme: Translocase	BrainSpLMD|10469	OMIM|605058
SF3A3	SF3A3	5.20568E-01	0.001618567	RNA binding protein	BrainSpLMD|10946	OMIM|605596
LINC00493	LINC00493	5.18512E-01	0.002821015			
PUM2	PUM2	5.18352E-01	0.004415154	RNA binding protein	BrainSpLMD|23369	OMIM|607205
KIAA1549	KIAA1549	5.17714E-01	0.008554302	Unclassified	BrainSpLMD|57670;Eurexp|euxassay_013378|brain, cartilaginous ring, dorsal root ganglion, facial VII, glossopharyngeal IX, incisor, metanephros, molar, neural retina, spinal cord, trigeminal V, vagus X, vestibulocochlear VIII	OMIM|613344;COSMIC||pilocytic astrocytoma
NAP1L4	NAP1L4	5.17130E-01	0.000917921	Chaperone	BrainSpLMD|4676	OMIM|601651
SON	SON	5.16540E-01	0.006332918	Transcription factor	BrainSpLMD|6651;Eurexp|euxassay_007178|adrenal gland, cervical, cervico-thoracic, dorsal root ganglion, floorplate, glossopharyngeal IX, heart, mantle layer, medulla oblongata, metencephalon, oesophagus, olfactory lobe, thoracic, trigeminal V, vagus X, ventricular layer	OMIM|182465;HPO|6651|Abnormality of the dentition, Abnormality of the ribs, Arachnoid cyst, Autosomal dominant inheritance, Cerebellar hypoplasia, Cleft palate, Cortical visual impairment, Craniosynostosis, Deeply set eye, Depressed nasal bridge, Developmental regression, Downslanted palpebral fissures, Facial asymmetry, Failure to thrive, Feeding difficulties, Flexion contracture, Frontal bossing, Generalized hypotonia, Global developmental delay, Hemivertebrae, High palate, Horseshoe kidney, Hypermetropia, Hypoplasia of the corpus callosum, Intellectual disability, Joint hypermobility, Kyphosis, Low-set ears, Narrow mouth, Optic atrophy, Scoliosis, Short foot, Short philtrum, Short stature, Small hand, Strabismus, Thin upper lip vermilion, Ventriculomegaly, Wide nasal bridge
ATP6V1D	ATP6V1D	5.14789E-01	0.008546739	ATPase	BrainSpLMD|51382;Eurexp|euxassay_003760|dorsal root ganglion, facial VII, glossopharyngeal IX, neural retina, stroma, trigeminal V, vagus X, vestibulocochlear VIII, vibrissa	OMIM|609398
TCEAL2	TCEAL2	5.10912E-01	1.92E-05	Transcription regulatory protein	BrainSpLMD|140597	
RRN3	RRN3	5.09745E-01	0.004510158	Transcription factor	BrainSpLMD|54700	OMIM|605121
TNKS2	TNKS2	5.07941E-01	1.85E-05	Enzyme: Ribosyltransferase	BrainSpLMD|80351;Eurexp|euxassay_008543|vibrissa	OMIM|607128
XPO7	XPO7	5.04997E-01	0.000164721	Transport/cargo protein	BrainSpLMD|23039	OMIM|606140
SOX4	SOX4	5.04580E-01	0	Transcription factor	BrainSpLMD|6659;Eurexp|euxassay_019583|cervical, cervico-thoracic, dorsal grey horn, dorsal root ganglion, incisor, lung, mantle layer, mesenchyme, metanephros, molar, neural retina, oesophagus, phalanx, submandibular gland primordium, testis, trachea, valve, vibrissa;BrainSpMouseDev|20439	OMIM|184430
ERH	ERH	5.04090E-01	4.70E-05	Transcription regulatory protein	BrainSpLMD|2079;Eurexp|euxassay_018034|orbito-sphenoid, ventricular layer	OMIM|601191
C1orf52	C1orf52	5.02030E-01	0.000177942	Unclassified	BrainSpLMD|148423	
CEP350	CEP350	5.00193E-01	0.003061305	Unclassified	BrainSpLMD|9857	
PPP1R9A	PPP1R9A	4.96175E-01	0.000184126	Cytoskeletal associated protein	Eurexp|euxassay_012258|choroid plexus, mantle layer, skeletal muscle, ventricular layer	OMIM|602468
SPG11	SPG11	4.94505E-01	0.008398511	Unclassified	BrainSpLMD|80208	OMIM|610844;HPO|80208|Abnormal lower motor neuron morphology, Abnormal pyramidal signs, Abnormal upper motor neuron morphology, Abnormality of the periventricular white matter, Adult onset, Agenesis of corpus callosum, Amyotrophic lateral sclerosis, Ankle clonus, Aplasia/Hypoplasia of the corpus callosum, Ataxia, Autosomal recessive inheritance, Babinski sign, Bulbar signs, Cerebral cortical atrophy, Childhood onset, Cognitive impairment, Decreased muscle mass, Decreased number of peripheral myelinated nerve fibers, Degeneration of the lateral corticospinal tracts, Distal amyotrophy, Distal muscle weakness, Distal peripheral sensory neuropathy, Distal sensory impairment, Dysarthria, Dysphagia, EMG abnormality, Fasciculations, Foot dorsiflexor weakness, Gait disturbance, Gaze-evoked nystagmus, Hyperreflexia, Hypoplasia of the corpus callosum, Impaired vibration sensation in the lower limbs, Intellectual disability, Juvenile onset, Knee clonus, Lower limb muscle weakness, Lower limb spasticity, Macular degeneration, Mental deterioration, Motor polyneuropathy, Nystagmus, Obesity, Peripheral axonal neuropathy, Pes cavus, Phenotypic variability, Progressive, Pseudobulbar behavioral symptoms, Respiratory insufficiency due to muscle weakness, Retinal degeneration, Saccadic smooth pursuit, Seizures, Sensory neuropathy, Slow progression, Spastic gait, Spastic paraplegia, Spasticity, Specific learning disability, Thenar muscle atrophy, Tip-toe gait, Urinary bladder sphincter dysfunction, Urinary incontinence, Urinary urgency, Ventriculomegaly, Visual impairment
ELF2	ELF2	4.90471E-01	0.00724991	Transcription factor	BrainSpLMD|1998;BrainSpMouseDev|45099	
NDRG4	NDRG4	4.89054E-01	0.000557701	Enzyme: Hydrolase;Cell cycle control protein	BrainSpLMD|65009;Eurexp|euxassay_015917|dorsal root ganglion, facial VII, glossopharyngeal IX, head mesenchyme, mantle layer, neural retina, trigeminal V, ventral grey horn, vestibulocochlear VIII	OMIM|614463
CROCCP2	CROCCP2	4.88254E-01	0.00054168	Unclassified	BrainSpLMD|84809	
NBPF9	NBPF9	4.87833E-01	0.007676342	Unclassified		OMIM|613999
C11orf30	C11orf30	4.87462E-01	0.004002385			SFARI||Autism, 3 - Suggestive evidence
CITED2	CITED2	4.80186E-01	1.59E-07	Transcription regulatory protein	BrainSpLMD|10370;BrainSpMouseDev|17451	OMIM|602937;HPO|10370|Abnormal nasal morphology, Atrial septal defect, Autosomal dominant inheritance, Brachydactyly, Broad forehead, Clinodactyly of the 5th finger, Cryptorchidism, Dolichocephaly, Intrauterine growth retardation, Perimembranous ventricular septal defect, Preauricular pit, Proptosis, Tetralogy of Fallot, Thin vermilion border, Underdeveloped supraorbital ridges
PRPF4B	PRPF4B	4.77855E-01	0.000659571	Serine/threonine kinase	BrainSpLMD|8899;Eurexp|euxassay_005644|embryo	OMIM|602338
CRBN	CRBN	4.77299E-01	0.004404692	Unclassified	BrainSpLMD|51185;Eurexp|euxassay_004586|dorsal root ganglion, glossopharyngeal IX, trigeminal V	OMIM|609262;HPO|51185|Atrioventricular canal defect, Autosomal recessive inheritance, Brachycephaly, Cleft palate, Cognitive impairment, Cryptorchidism, Downturned corners of mouth, Epicanthus, Global developmental delay, Hearing impairment, High palate, Hypertelorism, Intellectual disability, mild, Intrauterine growth retardation, Long philtrum, Low-set, posteriorly rotated ears, Microcephaly, Micrognathia, Muscular hypotonia, Postaxial hand polydactyly, Ptosis, Short stature, Telecanthus
MTND1P23	MTND1P23	4.77000E-01	0.000618252			
IVNS1ABP	IVNS1ABP	4.72439E-01	0.008371205	Unclassified	BrainSpLMD|10625;Eurexp|euxassay_011634|axial muscle, axial skeleton, cervical, cervico-thoracic, clavicle, cochlea, corpus striatum, dorsal root ganglion, facial VII, glossopharyngeal IX, incisor, lateral ventricle, lip, lung, mandible, mantle layer, marginal layer, maxilla, metanephros, midgut, molar, neural retina, oesophagus, olfactory, orbito-sphenoid, pancreas, pharyngo-tympanic tube, pituitary, renal/urinary system, saccule, stomach, submandibular gland primordium, thoracic, thymus primordium, thyroid, trachea, trigeminal V, ventricle, ventricular layer, vibrissa	OMIM|609209
PHF3	PHF3	4.72046E-01	0.000102307	Transcription factor	BrainSpLMD|23469	SFARI||Autism, 2 - Strong candidate;OMIM|607789
CDC37	CDC37	4.71809E-01	7.55E-06	Chaperone	BrainSpLMD|11140	OMIM|605065
RP11.778D9.4	RP11.778D9.4	4.70237E-01	0.007019657			
MIDN	MIDN	4.68978E-01	0.001475232	Unclassified		OMIM|606700
HNRNPR	HNRNPR	4.68685E-01	0.000658346	RNA binding protein	BrainSpLMD|10236	OMIM|607201
RTN1	RTN1	4.67298E-01	0.000231017	Integral membrane protein	BrainSpLMD|6252;Eurexp|euxassay_003752|brain, cervico-thoracic, dorsal root ganglion, facial VII, glossopharyngeal IX, neural retina, olfactory, penis, spinal cord, stomach, stroma, thoracic, trigeminal V, vagus X, vestibulocochlear VIII	OMIM|600865
SLC39A6	SLC39A6	4.66354E-01	0.000970461	Membrane transport protein	BrainSpLMD|25800	OMIM|608731
METTL9	METTL9	4.65434E-01	0.000714462	Unclassified	BrainSpLMD|51108	OMIM|609388
ATP5J	ATP5J	4.61858E-01	0.005254365			
RP11.631M6.2	RP11.631M6.2	4.60838E-01	0.000478047			
ZEB2	ZEB2	4.56434E-01	7.34E-08	Transcription regulatory protein	BrainSpLMD|9839;Eurexp|euxassay_005774|bladder, dorsal grey horn, interdigital region between digits 1 and 2, interdigital region between digits 2 and 3, interdigital region between digits 3 and 4, interdigital region between digits 4 and 5, lip, lung, mantle layer, metanephros, midgut, nasal septum, penis, pharyngo-tympanic tube, stomach;BrainSpMouseDev|23887	OMIM|605802;HPO|9839|Abdominal distention, Abnormality of metabolism/homeostasis, Abnormality of the abdominal wall, Abnormality of the rib cage, Absent speech, Atrial septal defect, Autosomal dominant inheritance, Broad eyebrow, Delayed eruption of teeth, Drooling, Generalized hypotonia, Happy demeanor, Hypoplasia of the corpus callosum, Intellectual disability, moderate, Motor delay, Patent ductus arteriosus, Pectus carinatum, Pectus excavatum, Pulmonary artery sling, Pulmonary artery stenosis, Pulmonic stenosis, Supernumerary nipple, Ventricular septal defect, Vomiting, Widely spaced teeth
DGCR8	DGCR8	4.54959E-01	0.005951459	Unclassified	BrainSpLMD|54487	OMIM|609030;COSMIC||Wilms tumour;HPO|54487|Abnormality of the ear, Abnormality of the endocrine system, Abnormality of the hand, Aggressive behavior, Autosomal dominant inheritance, Blepharophimosis, Bulbous nose, Cleft palate, Hypocalcemia, Inguinal hernia, Intellectual disability, Microcephaly, Mood swings, Muscular hypotonia, Nasal speech, Open mouth, Paranoia, Pierre-Robin sequence, Posterior embryotoxon, Recurrent infections, Retinal vascular tortuosity, Retrognathia, Right aortic arch with mirror image branching, Short stature, Specific learning disability, Tetralogy of Fallot, Umbilical hernia, Underdeveloped nasal alae, Unilateral primary pulmonary dysgenesis, Velopharyngeal insufficiency, Ventricular septal defect
SP9	SP9	4.54618E-01	2.22E-15		BrainSpLMD|100131390;BrainSpMouseDev|120188	
HNRNPA3	HNRNPA3	4.51262E-01	2.11E-05	Ribonucleoprotein		OMIM|605372
EPB41L4A.AS1	EPB41L4A.AS1	4.51017E-01	0.003662654			
RP11.676M6.1	RP11.676M6.1	4.50946E-01	0.009845639			
DHX36	DHX36	4.50927E-01	0.006092111	RNA binding protein	BrainSpLMD|170506	OMIM|612767
CALM3	CALM3	4.50686E-01	0.009660909	Calcium binding protein	BrainSpLMD|808	OMIM|114183;HPO|808|Ventricular tachycardia, Vertigo
ZNF518B	ZNF518B	4.50615E-01	0.008922338	Unclassified		OMIM|617734
TMEM123	TMEM123	4.49483E-01	1.58E-07	Cell surface receptor	BrainSpLMD|114908	OMIM|606356
CLK1	CLK1	4.49133E-01	0.001027429	Dual specificity kinase	BrainSpLMD|1195	OMIM|601951
NECAP1	NECAP1	4.46099E-01	9.29E-05	Unclassified	BrainSpLMD|25977	OMIM|611623;HPO|25977|Autosomal recessive inheritance, Decreased fetal movement, Epileptic encephalopathy, Feeding difficulties, Generalized hypotonia, Global developmental delay, Muscular hypotonia of the trunk
ZKSCAN1	ZKSCAN1	4.45429E-01	0.003141323	Transcription regulatory protein	BrainSpLMD|7586;Eurexp|euxassay_012753|brain, dorsal root ganglion, facial VII, glossopharyngeal IX, metanephros, olfactory, spinal cord, trigeminal V, vagus X;BrainSpMouseDev|50411	OMIM|601260
EIF4G1	EIF4G1	4.45414E-01	0.001970983	Translation regulatory protein	BrainSpLMD|1981	OMIM|600495
NGDN	NGDN	4.44194E-01	0.000943203	Unclassified	BrainSpLMD|25983	OMIM|610777
EIF4EBP2	EIF4EBP2	4.41635E-01	0.009256763	Translation regulatory protein	BrainSpLMD|1979	SFARI||Autism, 5 - Hypothesized but untested;OMIM|602224
NMD3	NMD3	4.41610E-01	0.002138614	Unclassified	BrainSpLMD|51068	OMIM|611021
ASF1A	ASF1A	4.39606E-01	0.000289007	Chaperone	BrainSpLMD|25842;Eurexp|euxassay_006843|cortex, incisor, left lung, marginal layer, oesophagus, right lung, submandibular gland primordium, thymus primordium, thyroid, ventricular layer, vibrissa	OMIM|609189
NNT	NNT	4.39018E-01	3.95E-05	Enzyme: Oxidoreductase	BrainSpLMD|23530;Eurexp|euxassay_007280|diaphragm, left lung, oesophagus, right lung, skeletal muscle, vertebral axis muscle system	OMIM|607878;HPO|23530|Autosomal recessive inheritance, Failure to thrive, Hypoglycemia
USP16	USP16	4.36962E-01	0.000908831	Ubiquitin proteasome system protein	BrainSpLMD|10600	OMIM|604735
CSPP1	CSPP1	4.35318E-01	0.000144477	Unclassified	BrainSpLMD|79848;Eurexp|euxassay_011574|brain, dorsal root ganglion, facial VII, glossopharyngeal IX, left lung, metanephros, olfactory, right lung, spinal cord, trigeminal V, vagus X, vestibulocochlear VIII	OMIM|611654;HPO|79848|Aplasia/Hypoplasia of the iris, Apnea, Ataxia, Autosomal recessive inheritance, Biparietal narrowing, Cataract, Cerebellar vermis hypoplasia, Chorioretinal abnormality, Cleft palate, Congenital hepatic fibrosis, Congenital onset, Cryptorchidism, Depressed nasal ridge, Dyspnea, Elongated superior cerebellar peduncle, Encephalocele, Episodic tachypnea, Feeding difficulties in infancy, Full cheeks, Gait disturbance, Generalized hypotonia, Global developmental delay, Hypertelorism, Hypoplasia of the brainstem, Hypoplasia of the corpus callosum, Intellectual disability, Lobar holoprosencephaly, Long face, Low-set, posteriorly rotated ears, Microcephaly, Microcornea, Micrognathia, Microphthalmia, Multicystic kidney dysplasia, Muscular hypotonia, Nystagmus, Oculomotor apraxia, Oligohydramnios, Optic atrophy, Postaxial foot polydactyly, Postaxial hand polydactyly, Posterior fossa cyst, Ptosis, Sclerocornea, Sloping forehead, Strabismus, Talipes, Variable expressivity
SNRPN	SNRPN	4.35286E-01	0.001537476	Ribonucleoprotein	BrainSpLMD|6638;Eurexp|euxassay_015728|cervical, cervico-thoracic, diencephalon, dorsal root ganglion, facial VII, glossopharyngeal IX, hindbrain, hindgut, incisor, midbrain, midgut, neural retina, olfactory, penis, respiratory, spinal cord, stomach, stroma, submandibular gland primordium, telencephalon, testis, thoracic, trigeminal V, vagus X, vestibulocochlear VIII, vibrissa	SFARI||Autism, 5 - Hypothesized but untested;OMIM|182279;HPO|6638|Abdominal obesity, Almond-shaped palpebral fissure, Attention deficit hyperactivity disorder, Autism, Childhood onset, Clinodactyly, Clitoral hypoplasia, Cutaneous photosensitivity, Decreased fetal movement, Decreased muscle mass, Delayed puberty, Delayed speech and language development, Dolichocephaly, Downturned corners of mouth, EEG abnormality, Failure to thrive in infancy, Generalized hypopigmentation, Generalized hypotonia, Global developmental delay, Growth hormone deficiency, Heterogeneous, Hyperinsulinemia, Hypermetropia, Hypogonadotrophic hypogonadism, Hypoplastic labia minora, Hypoventilation, Impaired ability to form peer relationships, Impaired pain sensation, Impaired use of nonverbal behaviors, Increased serum serotonin, Infertility, Inflexible adherence to routines or rituals, Intellectual disability, Kyphosis, Lack of spontaneous play, Micropenis, Motor delay, Multifactorial inheritance, Narrow forehead, Narrow nasal bridge, Narrow palm, Nasal speech, Obesity, Oligomenorrhea, Polyphagia, Poor gross motor coordination, Poor suck, Recurrent respiratory infections, Restrictive behavior, Scoliosis, Seizures, Short foot, Short palm, Short stature, Sleep apnea, Small hand, Specific learning disability, Sporadic, Stereotypy, Thin upper lip vermilion, Ventriculomegaly
PTOV1	PTOV1	4.35079E-01	0.001342711	Cell cycle control protein	BrainSpLMD|53635	OMIM|610195
MPC1	MPC1	4.33626E-01	0.003514333	Unclassified	BrainSpLMD|51660;Eurexp|euxassay_014791|adrenal gland, brain, cervical, cervico-thoracic, dorsal root ganglion, facial VII, glossopharyngeal IX, olfactory, spinal cord, thoracic, thymus primordium, trigeminal V	OMIM|614738;HPO|51660|Autosomal recessive inheritance, Congenital onset, Generalized hypotonia, Global developmental delay, Hepatomegaly, Hypoglycemia, Increased serum lactate, Increased serum pyruvate, Lactic acidosis, Organic aciduria, Variable expressivity
ARFGAP3	ARFGAP3	4.30528E-01	0.000720419	GTPase activating protein	BrainSpLMD|26286	OMIM|612439
WRB	WRB	4.28302E-01	0.002789668	Unclassified	BrainSpLMD|7485;Eurexp|euxassay_005059|brain, clavicle, dorsal root ganglion, facial VII, glossopharyngeal IX, hindgut, incisor, loop, mandible, maxilla, midgut, orbito-sphenoid, rectum, spinal cord, stomach, trigeminal V, vagus X, vestibulocochlear VIII, wall	OMIM|602915
RAB6A	RAB6A	4.25355E-01	8.54E-05	GTPase	BrainSpLMD|5870;Eurexp|euxassay_012532|brain, cervical, cervico-thoracic, dorsal root ganglion, facial VII, glossopharyngeal IX, incisor, molar, neural retina, olfactory, spinal cord, thoracic, trigeminal V, vagus X, vestibulocochlear VIII, vomeronasal organ	OMIM|179513
PSMD4	PSMD4	4.22530E-01	4.83E-05	Ubiquitin proteasome system protein	BrainSpLMD|5710	OMIM|601648
SPOP	SPOP	4.22224E-01	0.006272848	Transcription regulatory protein	BrainSpLMD|8405;Eurexp|euxassay_007475|embryo	OMIM|602650;COSMIC||prostate, endometrial, prostate cancer
FAM96B	FAM96B	4.20551E-01	6.27E-06	Unclassified	BrainSpLMD|51647	OMIM|614778
CEP95	CEP95	4.20098E-01	0.000349606	Unclassified	BrainSpLMD|90799	
FSD1L	FSD1L	4.19463E-01	0.000132306	Unclassified	BrainSpLMD|83856	OMIM|609829
RUFY3	RUFY3	4.13586E-01	0.00100314	Unclassified	BrainSpLMD|22902	OMIM|611194
POLE3	POLE3	4.12520E-01	0.001172806	DNA binding protein	BrainSpLMD|54107	OMIM|607267
KIAA0020	KIAA0020	4.12039E-01	8.40E-06			
MGA	MGA	4.11585E-01	0.002302978	Transcription regulatory protein	BrainSpMouseDev|29543	OMIM|616061
MAPRE1	MAPRE1	4.09787E-01	8.72E-05	Cell cycle control protein	BrainSpLMD|22919	OMIM|603108
TIAM2	TIAM2	4.08608E-01	0.000568999	Guanine nucleotide exchange factor	BrainSpLMD|26230;BrainSpMouseDev|23752	OMIM|604709
DCTN3	DCTN3	3.99766E-01	0.000363035	Cell cycle control protein	BrainSpLMD|11258	OMIM|607387
SRRM1	SRRM1	3.97814E-01	0.000470127	Ribonuclease	BrainSpLMD|10250	OMIM|605975
CDC42SE2	CDC42SE2	3.97661E-01	0.000798288	Unclassified	BrainSpLMD|56990	
MYL12B	MYL12B	3.97390E-01	0.002683969	Cytoskeletal protein		OMIM|609211
KATNBL1	KATNBL1	3.92910E-01	0.002136833	Unclassified		OMIM|616235
H3F3B	H3F3B	3.91510E-01	0.002610961	DNA binding protein	BrainSpLMD|3021;Eurexp|euxassay_005704|embryo	OMIM|601058;COSMIC||chondroblastoma
RBMXL1	RBMXL1	3.90723E-01	0.000121331	-		
GPBP1L1	GPBP1L1	3.88352E-01	0.006903096	Unclassified	BrainSpLMD|60313	
FAM192A	FAM192A	3.86852E-01	0.009696953	Unclassified	BrainSpLMD|80011;Eurexp|euxassay_004902|adenohypophysis, brain, glossopharyngeal IX, incisor, lung, metanephros, molar, olfactory, respiratory, retina, spinal cord, submandibular gland primordium, thymus primordium, trigeminal V, vestibulocochlear VIII, vibrissa	OMIM|617766
RP11.267J23.4	RP11.267J23.4	3.85980E-01	2.51E-06			
UQCRC2	UQCRC2	3.85931E-01	0.000987747	Enzyme: Reductase	BrainSpLMD|7385;Eurexp|euxassay_018923|aorta, orbito-sphenoid, pancreas, submandibular gland primordium, thymus primordium, vibrissa	OMIM|191329;HPO|7385|Autosomal recessive inheritance, Hyperammonemia, Hypoglycemia, Increased serum lactate, Increased serum pyruvate, Metabolic acidosis
MTRNR2L12	MTRNR2L12	3.85674E-01	0.000129567			
CDV3	CDV3	3.84243E-01	4.23E-07	Unclassified	BrainSpLMD|55573	
PAXBP1	PAXBP1	3.82765E-01	0.000103434	Unclassified	BrainSpLMD|94104;Eurexp|euxassay_012943|brain, choroid plexus, dorsal root ganglion, lateral recess, spinal cord, trigeminal V, vagus X, ventricle	OMIM|617621
TOP2B	TOP2B	3.81566E-01	0.005495369	Enzyme: Topoisomerase	BrainSpLMD|7155	OMIM|126431
AGO2	AGO2	3.80144E-01	3.22E-06	Translation regulatory protein	BrainSpLMD|27161	OMIM|606229
TNRC6B	TNRC6B	3.79704E-01	0.001792346	Unclassified	BrainSpLMD|23112	SFARI||Autism, 2 - Strong candidate;OMIM|610740
DHX29	DHX29	3.78025E-01	0.001219965	RNA helicase	BrainSpLMD|54505	OMIM|612720
ATP5E	ATP5E	3.76863E-01	3.69E-05			
COX6B1	COX6B1	3.75889E-01	0.000163935	Enzyme: Oxidoreductase	BrainSpLMD|1340	OMIM|124089;HPO|1340|Aminoaciduria, Anemia, Ataxia, Autosomal recessive inheritance, Cytochrome C oxidase-negative muscle fibers, Decreased liver function, Exercise intolerance, Exertional dyspnea, Failure to thrive, Generalized hypotonia, Global developmental delay, Glycosuria, Hepatomegaly, Heterogeneous, Hyperphosphaturia, Hypertrophic cardiomyopathy, Increased CSF lactate, Increased hepatocellular lipid droplets, Increased intramyocellular lipid droplets, Increased serum lactate, Intellectual disability, Lactic acidosis, Mitochondrial inheritance, Motor delay, Optic atrophy, Pigmentary retinopathy, Proteinuria, Ptosis, Renal Fanconi syndrome, Renal tubular dysfunction, Respiratory distress, Respiratory insufficiency due to muscle weakness, Seizures, Sensorineural hearing impairment
VPS13B	VPS13B	3.75278E-01	0.00298337	Transport/cargo protein	BrainSpLMD|157680	SFARI||Autism, No category;OMIM|607817;HPO|157680|Abnormality of skin pigmentation, Aplasia/Hypoplasia of the tongue, Arachnodactyly, Autosomal recessive inheritance, Cat cry, Cerebellar hypoplasia, Childhood-onset truncal obesity, Chorioretinal dystrophy, Clinodactyly of the 5th finger, Convex nasal ridge, Cubitus valgus, Decreased fetal movement, Delayed puberty, Downslanted palpebral fissures, Facial hypotonia, Failure to thrive in infancy, Feeding difficulties in infancy, Finger syndactyly, Generalized hypotonia, Genu valgum, Gingival overgrowth, Global developmental delay, Growth hormone deficiency, High, narrow palate, Hypoplasia of the maxilla, Hypoplasia of the zygomatic bone, Intellectual disability, Intrauterine growth retardation, Joint hyperflexibility, Joint hypermobility, Laryngomalacia, Leukopenia, Long eyelashes, Low anterior hairline, Lumbar hyperlordosis, Macrodontia, Macrodontia of permanent maxillary central incisor, Microcephaly, Micrognathia, Mitral valve prolapse, Motor delay, Muscular hypotonia, Myopia, Narrow palm, Neonatal hypotonia, Neurological speech impairment, Neutropenia, Obesity, Open mouth, Optic atrophy, Pes planus, Prominent nasal bridge, Reduced number of teeth, Reduced visual acuity, Sandal gap, Seizures, Short metacarpal, Short metatarsal, Short philtrum, Short stature, Single transverse palmar crease, Slender toe, Small for gestational age, Tapered finger, Thick corpus callosum, Thick eyebrow, Thick hair, Thoracic scoliosis, Visual impairment, Weak cry
WDR83OS	WDR83OS	3.74530E-01	0.009712173	Integral membrane protein	BrainSpLMD|51398	
EIF1AX	EIF1AX	3.74369E-01	0.000385202	Translation regulatory protein	BrainSpLMD|1964	OMIM|300186;COSMIC||uveal melanoma, thyroid cancer (PDTC and ATC), low grade serous ovarian cancer
JAKMIP2	JAKMIP2	3.71589E-01	0.001082319	Unclassified	BrainSpLMD|9832	OMIM|611197
PPAPDC1B	PPAPDC1B	3.71136E-01	0.000234823			
SHPRH	SHPRH	3.69741E-01	0.002029658	Transcription regulatory protein	BrainSpLMD|257218	OMIM|608048
ZC3H15	ZC3H15	3.68463E-01	0.000207074	DNA binding protein	BrainSpLMD|55854	
DNAJB14	DNAJB14	3.68435E-01	0.002808184	Chaperone	BrainSpLMD|79982	OMIM|617487
USP47	USP47	3.68374E-01	3.25E-05	Ubiquitin proteasome system protein	BrainSpLMD|55031	OMIM|614460
TPT1.AS1	TPT1.AS1	3.67408E-01	9.26E-05			
RLIM	RLIM	3.67105E-01	0.001822387	Transcription regulatory protein	BrainSpLMD|51132;Eurexp|euxassay_006673|embryo	SFARI||Autism, No category;OMIM|300379;HPO|51132|Behavioral abnormality, Broad forehead, Cryptorchidism, Feeding difficulties, Fine hair, Global developmental delay, Hypertelorism, Intellectual disability, Microcephaly, Micrognathia, Poor speech, Prominent nose, Wide nasal bridge, X-linked recessive inheritance
AC026271.5	AC026271.5	3.66465E-01	0.002134794			
NF1	NF1	3.65333E-01	1.41E-06	GTPase activating protein	BrainSpLMD|4763;Eurexp|euxassay_012186|dorsal root ganglion, facial VII, glossopharyngeal IX, trigeminal V, vagus X;BrainSpMouseDev|17782	SFARI||Autism, No category;OMIM|613113;COSMIC||neurofibroma, glioma, neurofibroma, glioma;HPO|4763|Abdominal wall muscle weakness, Abnormality of the cardiovascular system, Abnormality of the helix, Abnormality of the lymphatic system, Abnormality of the thorax, Astrocytoma, Autosomal dominant inheritance, Axillary freckling, Cafe-au-lait spot, Cryptorchidism, Cubitus valgus, Delayed speech and language development, Depressed nasal bridge, Downslanted palpebral fissures, Dysphagia, Epicanthus, Freckling, Global developmental delay, Hydrocephalus, Hypertelorism, Hypertension, Hypertrophic cardiomyopathy, Hypoplasia of dental enamel, Inguinal freckling, Intellectual disability, Intellectual disability, mild, Juvenile myelomonocytic leukemia, Lisch nodules, Low posterior hairline, Low-set ears, Low-set, posteriorly rotated ears, Lower limb muscle weakness, Macrocephaly, Malar flattening, Microcephaly, Midface retrusion, Multiple cafe-au-lait spots, Muscle weakness, Neurofibromas, Neurofibrosarcoma, Optic glioma, Overgrowth, Paraparesis, Parathyroid adenoma, Pectus excavatum of inferior sternum, Posteriorly rotated ears, Prolonged bleeding time, Prominent nasolabial fold, Ptosis, Pulmonic stenosis, Relative macrocephaly, Rhabdomyosarcoma, Scoliosis, Secundum atrial septal defect, Short neck, Short stature, Somatic mutation, Specific learning disability, Spina bifida, Spinal cord tumor, Superior pectus carinatum, Symmetric spinal nerve root neurofibromas, Webbed neck
LTN1	LTN1	3.65037E-01	0.000859302	Ubiquitin proteasome system protein	BrainSpLMD|26046	OMIM|613083
POLR2I	POLR2I	3.62958E-01	7.46E-05	RNA polymerase	BrainSpLMD|5438	OMIM|180662
MLLT11	MLLT11	3.62748E-01	0.002738791	Unclassified	BrainSpLMD|10962;Eurexp|euxassay_010405|brain, cervical, cervico-thoracic, dorsal root ganglion, facial VII, glossopharyngeal IX, midgut, neural retina, olfactory, spinal cord, stomach, thoracic, trigeminal V, vestibulocochlear VIII, vomeronasal organ	OMIM|604684;COSMIC||ALL;HPO|10962|Autosomal dominant inheritance, Juvenile myelomonocytic leukemia, Somatic mutation
TBCB	TBCB	3.62369E-01	0.002976556	Chaperone	BrainSpLMD|1155	OMIM|601303
YWHAB	YWHAB	3.61735E-01	0.00149417	Adapter molecule	BrainSpLMD|7529;Eurexp|euxassay_012917|dorsal root ganglion, facial VII, glossopharyngeal IX, mantle layer, marginal layer, trigeminal V, vagus X, ventral grey horn	OMIM|601289
MT.ND1	MT.ND1	3.60917E-01	2.32E-05			
SMARCA1	SMARCA1	3.60893E-01	7.05E-05	Transcription regulatory protein	BrainSpLMD|6594;Eurexp|euxassay_015278|floorplate, hindgut, midgut, stomach	OMIM|300012
TNRC6A	TNRC6A	3.60760E-01	6.58E-05	Transcription regulatory protein	BrainSpLMD|27327	OMIM|610739
QRICH1	QRICH1	3.60530E-01	0.000426758	Unclassified	BrainSpLMD|54870	SFARI||Autism, 4 - Minimal evidence;OMIM|617387
HIPK1	HIPK1	3.60154E-01	4.49E-06	Serine/threonine kinase	BrainSpLMD|204851	OMIM|608003
EYA3	EYA3	3.59779E-01	0.008972261	Tyrosine phosphatase	BrainSpLMD|2140	OMIM|601655
MRPL33	MRPL33	3.59244E-01	0.00061247	Ribosomal subunit	BrainSpLMD|9553	OMIM|610059
CAPRIN1	CAPRIN1	3.58441E-01	0.003330529	Integral membrane protein	BrainSpLMD|4076	SFARI||Autism, 3 - Suggestive evidence;OMIM|601178
UQCR10	UQCR10	3.58366E-01	7.60E-05	Enzyme: Oxidoreductase	BrainSpLMD|29796;Eurexp|euxassay_001948|Meckel's cartilage, adrenal gland, cortex, dorsal root ganglion, foregut-midgut junction, frontal bone primordium, hindgut, incisor, lobe, midgut, molar, orbito-sphenoid, pancreas, submandibular gland primordium, thymus primordium, ventral grey horn, vertebral axis muscle system, vibrissa	OMIM|610843
TUFM	TUFM	3.56685E-01	0.005073858	Translation regulatory protein	BrainSpLMD|7284	OMIM|602389;HPO|7284|Autosomal recessive inheritance, Death in infancy, Developmental regression, Encephalopathy, Hepatomegaly, Hyperammonemia, Increased serum lactate, Infantile onset, Intrauterine growth retardation, Lactic acidosis, Metabolic acidosis, Microcephaly, Neonatal hypotonia, Nystagmus, Opisthotonus, Polymicrogyria, Respiratory failure
TMSB10	TMSB10	3.56596E-01	0.000287719	Cytoskeletal associated protein	BrainSpLMD|9168	OMIM|188399
KALRN	KALRN	3.55061E-01	0.002007652	Guanine nucleotide exchange factor	BrainSpLMD|8997	OMIM|604605
STMN4	STMN4	3.53876E-01	0.004098888	Unclassified	BrainSpLMD|81551	
SSU72	SSU72	3.53548E-01	0.000924034	Unclassified	BrainSpLMD|29101	OMIM|617680
ANAPC11	ANAPC11	3.53125E-01	2.02E-07	Enzyme: Ligase	BrainSpLMD|51529	OMIM|614534
FNBP4	FNBP4	3.51257E-01	0.007074538	Unclassified	BrainSpLMD|23360	OMIM|615265
SCNM1	SCNM1	3.50734E-01	0.006327524	Unclassified	BrainSpLMD|79005	OMIM|608095
GOLGA4	GOLGA4	3.49509E-01	2.00E-06	Transport/cargo protein	BrainSpLMD|2803	OMIM|602509
GABBR1	GABBR1	3.49258E-01	0.001538142	G protein coupled receptor	BrainSpLMD|2550;Eurexp|euxassay_009799|brain, cervical, cervico-thoracic, dorsal root ganglion, facial VII, glossopharyngeal IX, midgut, neural retina, olfactory, spinal cord, stomach, thoracic, tongue, trigeminal V, vagus X, vestibulocochlear VIII;BrainSpMouseDev|33684	OMIM|603540
H3F3C	H3F3C	3.48887E-01	4.33E-06	Unclassified		OMIM|616134
LEPROTL1	LEPROTL1	3.48788E-01	0.005675224	Cell surface receptor	BrainSpLMD|23484	OMIM|607338
SRGAP2C	SRGAP2C	3.47021E-01	0.002012243			OMIM|614704
TMEM57	TMEM57	3.45215E-01	6.22E-05			
LRIG2	LRIG2	3.44891E-01	0.000209098	Cell surface receptor	BrainSpLMD|9860	OMIM|608869;HPO|9860|Autosomal recessive inheritance, Constipation, Cryptorchidism, Enuresis, Hydronephrosis, Recurrent urinary tract infections, Renal insufficiency, Urethral obstruction, Urinary incontinence, Urinary urgency, Vesicoureteral reflux
RPL36AL	RPL36AL	3.44649E-01	0.003195943	Ribosomal subunit	BrainSpLMD|6166	OMIM|180469
ALDH6A1	ALDH6A1	3.44153E-01	0.000289522	Enzyme: Dehydrogenase	BrainSpLMD|4329;Eurexp|euxassay_018815|choroid invagination, naris, nasal septum, otic capsule, turbinate bones, ventricular layer	OMIM|603178;HPO|4329|Abnormal facial shape, Autosomal recessive inheritance, Bulbous nose, Cataract, Delayed myelination, Depressed nasal bridge, Downslanted palpebral fissures, Dystonia, Epicanthus, Feeding difficulties, Frontal bossing, Generalized hypotonia, Global developmental delay, High forehead, High palate, Hypertelorism, Hypoplasia of the corpus callosum, Long philtrum, Metabolic acidosis, Microcephaly, Microphthalmia, Muscular hypotonia, Phenotypic variability, Short nose, Tented upper lip vermilion
TRAPPC4	TRAPPC4	3.44150E-01	0.004419466	Transport/cargo protein	BrainSpLMD|51399;Eurexp|euxassay_002113|brain, cervical, cervico-thoracic, dorsal root ganglion, facial VII, glossopharyngeal IX, incisor, molar, olfactory, spinal cord, thoracic, thymus primordium, trigeminal V, vestibulocochlear VIII	OMIM|610971
GABARAPL2	GABARAPL2	3.42126E-01	1.61E-05	Transport/cargo protein	BrainSpLMD|11345	OMIM|607452
TRMT61B	TRMT61B	3.41123E-01	0.004141161	Enzyme: Methyltransferase	BrainSpLMD|55006	
TRIM26	TRIM26	3.40942E-01	0.003974837	DNA binding protein	BrainSpLMD|7726	OMIM|600830
ZNF451	ZNF451	3.39681E-01	0.004632204	Transcription regulatory protein	BrainSpLMD|26036;Eurexp|euxassay_000068|excretory component, physiological umbilical hernia, testis, ventricular layer	OMIM|615708
RBX1	RBX1	3.38260E-01	1.32E-05	Ubiquitin proteasome system protein	BrainSpLMD|9978	OMIM|603814
PDXDC1	PDXDC1	3.36656E-01	0.000235529	Enzyme: Decarboxylase		OMIM|614244
RPL13P12	RPL13P12	3.34905E-01	0.001915899			
UBR4	UBR4	3.34368E-01	0.000221137	Unclassified	BrainSpLMD|23352	OMIM|609890
BTF3L4	BTF3L4	3.32864E-01	0.007061568	Unclassified	BrainSpLMD|91408;Eurexp|euxassay_006570|embryo	
RCN2	RCN2	3.32277E-01	0.000709146	Calcium binding protein	BrainSpLMD|5955;Eurexp|euxassay_012215|axial skeleton, exoccipital bone, medullary raphe, orbito-sphenoid, otic capsule, rib, temporal bone, thyroid, turbinate, vault of skull, ventricular layer	OMIM|602584
IST1	IST1	3.30825E-01	6.76E-05	Unclassified	BrainSpLMD|9798;Eurexp|euxassay_013623|brain, cornea, dorsal root ganglion, facial VII, glossopharyngeal IX, incisor, molar, neural retina, pharyngo-tympanic tube, spinal cord, submandibular gland primordium, trigeminal V, vagus X, vestibulocochlear VIII, vibrissa	OMIM|616434
HDGFRP3	HDGFRP3	3.30186E-01	0.004086994			
AP1G1	AP1G1	3.30059E-01	0.001824386	Transport/cargo protein	BrainSpLMD|164	OMIM|603533
UBA3	UBA3	3.28316E-01	0.000348423	Ubiquitin proteasome system protein	BrainSpLMD|9039	OMIM|603172
APEX1	APEX1	3.27883E-01	0.001149877	DNA repair protein	BrainSpLMD|328;Eurexp|euxassay_005116|adenohypophysis, brain, cervical, cervico-thoracic, dorsal root ganglion, footplate, glossopharyngeal IX, handplate, hindgut, incisor, liver, lung, mandible, metanephros, midgut, molar, naris, naso-lacrimal duct, olfactory, orbito-sphenoid, pancreas, pharyngo-tympanic tube, rectum, respiratory, retina, spinal cord, sternum, stomach, submandibular gland primordium, testis, thoracic, thymus primordium, thyroid, trigeminal V, vertebral axis muscle system, vestibulocochlear VIII, vibrissa	OMIM|107748
PAIP1	PAIP1	3.27096E-01	6.20E-07	Translation regulatory protein	BrainSpLMD|10605	OMIM|605184
SEL1L	SEL1L	3.26212E-01	0.000426731	Integral membrane protein	BrainSpLMD|6400;BrainSpMouseDev|20101	OMIM|602329
SNAPIN	SNAPIN	3.25076E-01	9.28E-06	Membrane transport protein	BrainSpLMD|23557	OMIM|607007
CAMLG	CAMLG	3.24531E-01	0.0074591	Membrane bound ligand	BrainSpLMD|819;Eurexp|euxassay_001896|dorsal root ganglion, trigeminal V	OMIM|601118
PHF20L1	PHF20L1	3.23448E-01	0.000802858	Unclassified	BrainSpLMD|51105	
NUP50	NUP50	3.23200E-01	0.000202655	Transport/cargo protein	BrainSpLMD|10762	OMIM|604646
SPIN1	SPIN1	3.22313E-01	0.002402934	Unclassified	BrainSpLMD|10927	OMIM|609936
ZNF37A	ZNF37A	3.21794E-01	0.000737937	DNA binding protein	BrainSpLMD|7587	OMIM|616085
CASD1	CASD1	3.21633E-01	0.007673139	Enzyme: Transferase	BrainSpLMD|64921	OMIM|611686
RNF7	RNF7	3.20870E-01	0.000161579	Enzyme: Ligase	BrainSpLMD|9616	OMIM|603863
NSA2	NSA2	3.20539E-01	5.89E-05	Unclassified		OMIM|612497
PTBP2	PTBP2	3.19678E-01	0.006092867	RNA binding protein	BrainSpLMD|58155	SFARI||Autism, 4 - Minimal evidence;OMIM|608449
NF2	NF2	3.18507E-01	0.000463084	Cytoskeletal associated protein	BrainSpLMD|4771	OMIM|607379;COSMIC||meningioma, acoustic neuroma, renal, meningioma, acoustic neuroma;HPO|4771|Abnormality of the skin, Abnormality of the vertebral column, Adult onset, Ataxia, Autosomal dominant inheritance, Cataract, Epiretinal membrane, Incomplete penetrance, Meningioma, Migraine, Peripheral neuropathy, Schwannoma, Sensorineural hearing impairment, Somatic mutation, Spinal cord tumor, Tinnitus, Variable expressivity, Vertigo
LRRC37A4P	LRRC37A4P	3.17779E-01	0.000507632			
MBIP	MBIP	3.13315E-01	0.006780726	Unclassified	BrainSpLMD|51562;Eurexp|euxassay_005376|lung	OMIM|609431
MEF2A	MEF2A	3.12198E-01	0.003248433	Transcription regulatory protein	BrainSpLMD|4205;BrainSpMouseDev|17027	OMIM|600660
TEX10	TEX10	3.12044E-01	0.001284757	Unclassified	BrainSpLMD|54881	OMIM|616717
EHMT1	EHMT1	3.09994E-01	0.002224883	Enzyme: Methyltransferase	BrainSpLMD|79813	SFARI||Autism, 3 - Suggestive evidence;OMIM|607001;HPO|79813|Abnormality of the cardiac septa, Abnormality of the pinna, Absence seizures, Aggressive behavior, Anteverted nares, Aphasia, Autism, Autosomal dominant inheritance, Brachycephaly, Brachydactyly, Coarse facial features, Cryptorchidism, Delayed speech and language development, Downturned corners of mouth, Dysphasia, Echolalia, Epileptic spasms, Everted lower lip vermilion, Flat face, Flat occiput, Generalized hypotonia, Global developmental delay, Highly arched eyebrow, Hypertelorism, Hypospadias, Intellectual disability, Intellectual disability, severe, Macroglossia, Malar flattening, Mandibular prognathia, Microcephaly, Micropenis, Midface retrusion, Muscular hypotonia, Mutism, Obesity, Obsessive-compulsive behavior, Protruding tongue, Recurrent respiratory infections, Short nose, Single transverse palmar crease, Sleep disturbance, Specific learning disability, Sporadic, Status epilepticus, Stereotypy, Synophrys, U-Shaped upper lip vermilion, Upslanted palpebral fissure
BDP1	BDP1	3.09464E-01	1.74E-06	Transcription factor	BrainSpLMD|55814;Eurexp|euxassay_019513|dorsal root ganglion, incisor, lung, midgut, nucleus pulposus, submandibular gland primordium, vibrissa	OMIM|607012
DYNLRB1	DYNLRB1	3.09089E-01	0.000155034	Unclassified;Transport/cargo protein	BrainSpLMD|83658;Eurexp|euxassay_002535|dorsal root ganglion	OMIM|607167
MLF2	MLF2	3.09017E-01	0.007754184	Unclassified	BrainSpLMD|8079	OMIM|601401
EIF4G3	EIF4G3	3.04689E-01	3.97E-08	Translation regulatory protein	BrainSpLMD|8672;Eurexp|euxassay_016776|diencephalon, dorsal root ganglion, facial VII, glossopharyngeal IX, hindbrain, midbrain, neural retina, spinal cord, telencephalon, trigeminal V, vestibulocochlear VIII	OMIM|603929
TBPL1	TBPL1	3.04687E-01	0.006179876	Transcription factor	BrainSpLMD|9519;Eurexp|euxassay_019419|cervical, cervico-thoracic, dorsal root ganglion, facial VII, glossopharyngeal IX, neural retina, olfactory, thoracic, trigeminal V, vagus X, vertebral axis muscle system, vestibulocochlear VIII	OMIM|605521
RPAP2	RPAP2	3.03093E-01	4.75E-05	Unclassified	BrainSpLMD|79871	OMIM|611476
PFDN5	PFDN5	3.01101E-01	0.000259748	Chaperone	BrainSpLMD|5204	OMIM|604899
COPS2	COPS2	3.00808E-01	0.009818945	Transcription regulatory protein	BrainSpLMD|9318	OMIM|604508
SAP18	SAP18	3.00449E-01	0.000398727	Transcription regulatory protein	BrainSpLMD|10284	OMIM|602949
MAPK1IP1L	MAPK1IP1L	3.00068E-01	0.000198856	Unclassified	BrainSpLMD|93487	OMIM|617226
POLR1D	POLR1D	2.98600E-01	0.002787119	RNA polymerase	BrainSpLMD|51082;Eurexp|euxassay_002352|brain, cervical, cervico-thoracic, dorsal root ganglion, glossopharyngeal IX, lobe, spinal cord, thoracic, trigeminal V, vagus X, vestibulocochlear VIII;BrainSpMouseDev|19781	OMIM|613715;HPO|51082|Abnormality of bone mineral density, Absent eyelashes, Autosomal dominant inheritance, Choanal atresia, Choanal stenosis, Cleft eyelid, Cleft palate, Conductive hearing impairment, Downslanted palpebral fissures, Frontal bossing, Hypoplasia of the maxilla, Hypoplasia of the zygomatic bone, Iris coloboma, Low anterior hairline, Malar flattening, Micrognathia, Microtia, Midface retrusion, Narrow internal auditory canal, Open bite, Reduced number of teeth, Retrognathia, Short face, Skeletal dysplasia, Strabismus, Visual impairment, Wide nasal bridge
RBM5	RBM5	2.97734E-01	0.000173136	RNA binding protein	BrainSpLMD|10181	OMIM|606884
LARP4	LARP4	2.97095E-01	0.004133311	RNA binding protein	BrainSpLMD|113251	
EIF3J	EIF3J	2.96841E-01	0.000306448	Translation regulatory protein	BrainSpLMD|8669	OMIM|603910
NBPF15	NBPF15	2.96648E-01	0.00138793	Unclassified		OMIM|614005
ATM	ATM	2.96334E-01	0.003277402	Serine/threonine kinase	BrainSpLMD|472	OMIM|607585;COSMIC||T-PLL, leukaemia, lymphoma, medulloblastoma, glioma;HPO|472|Abnormal spermatogenesis, Abnormality of bone marrow cell morphology, Abnormality of chromosome stability, Abnormality of the hair, Anorexia, Aplasia/Hypoplasia of the thymus, Ataxia, Autosomal recessive inheritance, B-cell lymphoma, Bronchiectasis, Cafe-au-lait spot, Cellular immunodeficiency, Choreoathetosis, Conjunctival telangiectasia, Decreased antibody level in blood, Decreased number of CD4+ T cells, Defective B cell differentiation, Delayed puberty, Diabetes mellitus, Dysarthria, Dystonia, Elevated alpha-fetoprotein, Elevated hepatic transaminases, Fatigue, Female hypogonadism, Fever, Gait disturbance, Glucose intolerance, Hodgkin lymphoma, Hypopigmentation of hair, Hypoplasia of the thymus, IgA deficiency, Immunoglobulin IgG2 deficiency, Leukemia, Lymphadenopathy, Lymphopenia, Mucosal telangiectasiae, Myoclonus, Neoplasm, Non-Hodgkin lymphoma, Nystagmus, Polycystic ovaries, Premature graying of hair, Recurrent bronchitis, Recurrent respiratory infections, Reduced tendon reflexes, Seizures, Short stature, Sinusitis, Skeletal muscle atrophy, Spasticity, Splenomegaly, Strabismus, Telangiectasia of the skin, Tremor, Weight loss
MDH2	MDH2	2.96201E-01	1.39E-05	Enzyme: Dehydrogenase	BrainSpLMD|4191;BrainSpMouseDev|17216	OMIM|154100;HPO|4191|Absent speech, Autosomal recessive inheritance, Cerebellar atrophy, Constipation, Delayed myelination, Epileptic encephalopathy, Failure to thrive, Feeding difficulties, Global developmental delay, Hypoplasia of the corpus callosum, Inability to walk, Increased CSF lactate, Increased serum lactate, Poor head control, Seizures, Skeletal muscle atrophy, Strabismus
ATP5I	ATP5I	2.94197E-01	5.51E-07			
H3F3AP6	H3F3AP6	2.91626E-01	0.004227232			
CNOT2	CNOT2	2.88318E-01	0.000467482	Transcription regulatory protein	BrainSpLMD|4848	OMIM|604909
PNRC2	PNRC2	2.88132E-01	0.000154484	Ligand	Eurexp|euxassay_002876|thymus primordium, ventricular layer	OMIM|611882
CTCF	CTCF	2.85244E-01	0.009603769	Transcription regulatory protein	BrainSpLMD|10664	SFARI||Autism, 3 - Suggestive evidence;OMIM|604167;COSMIC||endometrial, breast, head and neck cancer, Mental retardation, autosomal dominant 21;HPO|10664|Abnormality of the dentition, Autosomal dominant inheritance, Cryptorchidism, Feeding difficulties, Generalized hypotonia, Global developmental delay, Hypermetropia, Intellectual disability, Microcephaly, Short stature, Strabismus, Thin vermilion border
RRP15	RRP15	2.84416E-01	0.001300791	Unclassified	BrainSpLMD|51018	OMIM|611193
PAK1IP1	PAK1IP1	2.81403E-01	0.000930213	Cytoskeletal associated protein	BrainSpLMD|55003;Eurexp|euxassay_000585|chondrocranium, lobe	OMIM|607811
YTHDF2	YTHDF2	2.81208E-01	0.004441383	Unclassified	BrainSpLMD|51441	OMIM|610640
PCBP2	PCBP2	2.81037E-01	2.17E-05	RNA binding protein	BrainSpLMD|5094	OMIM|601210
XPO1	XPO1	2.79465E-01	0.001140891	Transport/cargo protein	BrainSpLMD|7514	SFARI||Autism, 4 - Minimal evidence;OMIM|602559;COSMIC||CLL
NEK1	NEK1	2.78728E-01	0.004394925	Serine/threonine kinase	BrainSpLMD|4750;Eurexp|euxassay_014225|dorsal root ganglion, facial VII, glossopharyngeal IX, mantle layer, thoracic, trigeminal V, ventral grey horn	OMIM|604588;HPO|4750|Ambiguous genitalia, Amyotrophic lateral sclerosis, Anxiety, Autosomal recessive inheritance, Cleft palate, Depressivity, Digenic inheritance, Disproportionate shortening of the tibia, Dyspnea, Emotional lability, Fatigable weakness of respiratory muscles, Fatigable weakness of swallowing muscles, Fatigue, Generalized muscle weakness, Hamartoma of tongue, Horizontal ribs, Hydrops fetalis, Hypoplasia of the epiglottis, Lateral clavicle hook, Median cleft lip, Muscle cramps, Narrow chest, Neurodegeneration, Pain, Paralysis, Polycystic kidney dysplasia, Polysyndactyly of hallux, Postaxial hand polydactyly, Postaxial polysyndactyly of foot, Preaxial hand polydactyly, Pulmonary hypoplasia, Respiratory failure, Short ribs, Skeletal muscle atrophy, Spasticity, Thoracic dysplasia, Xerostomia
SOX11	SOX11	2.78656E-01	0	Transcription factor	BrainSpLMD|6664;BrainSpMouseDev|20428	OMIM|600898;HPO|6664|Abnormal facial shape, Abnormality of cardiovascular system morphology, Abnormality of the columella, Abnormality of the dentition, Abnormality of the nares, Aplasia/Hypoplasia of the cerebellum, Aplasia/Hypoplasia of the distal phalanx of the 5th finger, Aplasia/Hypoplasia of the patella, Autosomal dominant inheritance, Clinodactyly, Coarse facial features, Cryptorchidism, Dandy-Walker malformation, Depressed nasal bridge, Depressed nasal ridge, Elbow dislocation, Everted lower lip vermilion, Feeding difficulties in infancy, Full cheeks, Generalized hirsutism, Global developmental delay, Hearing impairment, Highly arched eyebrow, Hypertrichosis, Hypoplastic fifth fingernail, Hypoplastic fifth toenail, Intellectual disability, Intellectual disability, mild, Intrauterine growth retardation, Joint hyperflexibility, Long eyelashes, Long nose, Low-set ears, Microcephaly, Midface retrusion, Muscular hypotonia, Nystagmus, Open mouth, Posteriorly rotated ears, Recurrent respiratory infections, Scoliosis, Seizures, Short chin, Short distal phalanx of finger, Short nose, Short palpebral fissure, Short philtrum, Short stature, Slow-growing hair, Strabismus, Thick eyebrow, Thick lower lip vermilion, Thick vermilion border, Underdeveloped nasal alae, Underdeveloped supraorbital ridges, Wide mouth, Wide nasal bridge
ZNF536	ZNF536	2.77860E-01	0.000356955	DNA binding protein	BrainSpLMD|9745;Eurexp|euxassay_015751|adrenal gland, bladder, brain, cochlea, dorsal root ganglion, forelimb, glossopharyngeal IX, hindgut, hindlimb, limb, loop, lung, mandible, medullary stroma, midgut, molar, oesophagus, olfactory, penis, pituitary, rectum, retina, spinal cord, stomach, thyroid, trigeminal V, turbinate bones, vagus X, vestibulocochlear VIII, vibrissa	
MAGEH1	MAGEH1	2.76453E-01	0.009792611	Cell cycle control protein	BrainSpLMD|28986;Eurexp|euxassay_005123|adenohypophysis, brain, cervical, cervico-thoracic, glossopharyngeal IX, mandible, maxilla, olfactory, respiratory, retina, spinal cord, sternum, tail, thoracic, trigeminal V, vestibulocochlear VIII	OMIM|300548
PUM1	PUM1	2.76366E-01	0.000263454	RNA binding protein	BrainSpLMD|9698	OMIM|607204
VPS36	VPS36	2.75592E-01	0.008083446	Unclassified	BrainSpLMD|51028	OMIM|610903
DYNC1LI2	DYNC1LI2	2.74311E-01	0.00019624	Unclassified	BrainSpLMD|1783	OMIM|611406
POLR2K	POLR2K	2.73555E-01	0.003069357	Transcription regulatory protein	BrainSpLMD|5440;Eurexp|euxassay_019504|incisor, liver, lung, molar, olfactory, submandibular gland primordium, thymus primordium, vibrissa, vomeronasal organ	OMIM|606033
PLCB1	PLCB1	2.73306E-01	4.84E-10	Enzyme: Phospholipase	BrainSpLMD|23236	SFARI||Autism, 3 - Suggestive evidence;OMIM|607120;HPO|23236|Abnormality of skin morphology, Autosomal recessive inheritance, Developmental regression, Epileptic encephalopathy, Focal seizures, Generalized seizures, Hyperreflexia, Hypsarrhythmia, Infantile spasms, Muscular hypotonia of the trunk, Myoclonus, Spasticity
SFXN1	SFXN1	2.72080E-01	0.003030236	Transport/cargo protein	BrainSpLMD|94081;Eurexp|euxassay_006928|embryo	OMIM|615569
EIF4G2	EIF4G2	2.71674E-01	0.001364876	Translation regulatory protein	BrainSpLMD|1982	OMIM|602325
BHLHB9	BHLHB9	2.71495E-01	0.00091027	Transcription regulatory protein	BrainSpLMD|80823;Eurexp|euxassay_012088|Meckel's cartilage, axial skeleton, basioccipital bone, basisphenoid bone, brain, dorsal root ganglion, exoccipital bone, facial VII, fibula, glossopharyngeal IX, humerus, neural retina, orbito-sphenoid, otic capsule, pelvic girdle, rib, scapula, spinal cord, submandibular gland primordium, temporal bone, tibia, trigeminal V, turbinate, vagus X	OMIM|300921
YLPM1	YLPM1	2.70980E-01	0.002062429	Unclassified	BrainSpLMD|56252	
TMOD2	TMOD2	2.68754E-01	0.000949864	Cytoskeletal associated protein	BrainSpLMD|29767	OMIM|602928
DNAJC7	DNAJC7	2.68484E-01	0.000755086	Chaperone	BrainSpLMD|7266	OMIM|601964
GOSR1	GOSR1	2.67963E-01	0.003198062	Membrane transport protein	BrainSpLMD|9527	OMIM|604026
MORF4L1P1	MORF4L1P1	2.66830E-01	0.002404721			
NMT2	NMT2	2.66345E-01	7.56E-07	Enzyme: Transferase	BrainSpLMD|9397	OMIM|603801
C5orf24	C5orf24	2.66150E-01	0.000196433	Unclassified	BrainSpLMD|134553	
PTCD3	PTCD3	2.65127E-01	9.34E-05	Unclassified	BrainSpLMD|55037	OMIM|614918
UBE2A	UBE2A	2.63611E-01	0.001493731	Ubiquitin proteasome system protein	BrainSpLMD|7319;Eurexp|euxassay_018835|hypothalamus, mantle layer	OMIM|312180;HPO|7319|Abnormal hair whorl, Aggressive behavior, Almond-shaped palpebral fissure, Broad face, Broad hallux, Broad neck, Deeply set eye, Depressed nasal bridge, Downturned corners of mouth, Dry skin, Echolalia, Hirsutism, Hypointensity of cerebral white matter on MRI, Increased body weight, Intellectual disability, Low posterior hairline, Macrocephaly, Malar flattening, Micropenis, Midface retrusion, Nail dysplasia, Nail dystrophy, Pes planus, Poor speech, Prominent supraorbital ridges, Regional abnormality of skin, Seizures, Short foot, Short neck, Synophrys, Thin vermilion border, Upslanted palpebral fissure, Wide intermamillary distance, Wide mouth, X-linked recessive inheritance
PHTF2	PHTF2	2.63157E-01	0.000189464	Transcription factor	BrainSpLMD|57157;Eurexp|euxassay_004990|embryo;BrainSpMouseDev|44612	OMIM|616785
CTNND2	CTNND2	2.63084E-01	0.000189266	Adhesion molecule	BrainSpLMD|1501;Eurexp|euxassay_018872|dorsal root ganglion, facial VII, neural retina, trigeminal V	SFARI||Autism, 2 - Strong candidate;OMIM|604275;COSMIC||prostae adenocarcinoma, GIST;HPO|1501|Cat cry, Downslanted palpebral fissures, Epicanthus, High palate, High pitched voice, Hypertelorism, Intellectual disability, severe, Intrauterine growth retardation, Low-set, posteriorly rotated ears, Microcephaly, Microretrognathia, Muscular hypotonia, Round face, Scoliosis, Severe global developmental delay, Short neck, Short stature, Small hand, Wide nasal bridge
DCAF7	DCAF7	2.61646E-01	2.40E-05	Unclassified	BrainSpLMD|10238;BrainSpMouseDev|47674	OMIM|605973
NCL	NCL	2.58484E-01	4.58E-06	RNA binding protein	BrainSpLMD|4691;Eurexp|euxassay_007121|embryo	OMIM|164035
DCTN4	DCTN4	2.56952E-01	0.007181829	Unclassified	BrainSpLMD|51164	OMIM|614758;HPO|51164|Biliary cirrhosis, Decreased antibody level in blood, Exocrine pancreatic insufficiency, Immunodeficiency, Malabsorption, Pulmonary fibrosis, Recurrent respiratory infections
HSPE1P2	HSPE1P2	2.55946E-01	0.007944491			
NUP214	NUP214	2.55048E-01	0.001790042	Transport/cargo protein	BrainSpLMD|8021	OMIM|114350;COSMIC||AML, T-ALL;HPO|8021|Acute lymphoblastic leukemia, Polygenic inheritance
LINC01420	LINC01420	2.54678E-01	0.000373082			
SMG1P2	SMG1P2	2.54525E-01	0.000140417			
ABCF1	ABCF1	2.54047E-01	8.02E-08	Translation regulatory protein	BrainSpLMD|23;Eurexp|euxassay_007589|embryo	OMIM|603429
EXOSC10	EXOSC10	2.53741E-01	0.003799164	Unclassified	BrainSpLMD|5394	OMIM|605960
NBPF11	NBPF11	2.53530E-01	0.001776306	Unclassified	BrainSpLMD|200030	OMIM|614001
TXNL1	TXNL1	2.52811E-01	0.002525317	Enzyme: Oxidoreductase	BrainSpLMD|9352	OMIM|603049
PLRG1	PLRG1	2.52585E-01	0.001608066	Transcription regulatory protein	BrainSpLMD|5356;Eurexp|euxassay_001863|brain, dorsal root ganglion, spinal cord, thymus primordium	OMIM|605961
NCBP1	NCBP1	2.52466E-01	0.007083618	RNA binding protein	BrainSpLMD|4686	OMIM|600469
SLMO2	SLMO2	2.51205E-01	3.28E-06			
RAC1	RAC1	2.50725E-01	0.000251753	GTPase	BrainSpLMD|5879;BrainSpMouseDev|19116	OMIM|602048;COSMIC||melanoma, carcinoma
