name,shared name,type,avgExpression
ATF3,ATF3,GeneralTF,-0.997739004328409
ATAD2,ATAD2,None,0.0791919091924899
MYCN,MYCN,NeuroDisease,-0.226042855734962
MAPKAPK5,MAPKAPK5,None,-0.106022460264227
SIX1,SIX1,NeuroDev,0.0
DAPK1,DAPK1,None,0.151992349436749
DAPK3,DAPK3,None,0.0366188657763191
ABCB1,ABCB1,None,-0.429352147346225
CASP10,CASP10,None,0.0
CDC25C,CDC25C,None,0.37529224258794
CHEK2,CHEK2,None,-0.267245501227948
HIPK2,HIPK2,NeuroDev,-0.0372065829427644
SMG1,SMG1,None,0.007095388920435
BCL2,BCL2,NeuroDev,-0.404613566907568
PLK2,PLK2,None,0.385791505699371
CHEK1,CHEK1,None,-0.243389230734546
PLAGL1,PLAGL1,GeneralTF,-0.490819001201942
NLRC4,NLRC4,None,-0.138614939649854
DDX17,DDX17,None,0.0392589846726773
RB1,RB1,NeuroDev,-0.153936206503276
PTK2,PTK2,NeuroDev,0.000107594121696
PML,PML,GeneralTF,-0.0072690256758463
PLK3,PLK3,None,0.11730679282574
COP1,COP1,None,0.275927066255156
TP73,TP73,GeneralTF,-0.548869641338147
TP63,TP63,NeuroDev,0.0
DYRK2,DYRK2,None,-0.256409855301508
HIF1A,HIF1A,NeuroDev,0.272440223650352
CSNK2B,CSNK2B,NeuroDisease,0.0313030968113337
ESCO1,ESCO1,None,0.0441973210678024
SMYD2,SMYD2,None,-0.252813659164411
BCL6,BCL6,NeuroDev,-0.417426558892887
MYB,MYB,GeneralTF,0.537445745016566
SSBP1,SSBP1,None,-0.215296612457318
KAT5,KAT5,NeuroDisease,-0.0586248104744408
KDM4A,KDM4A,GeneralTF,-0.0757683794859969
DDX5,DDX5,None,0.0719770611322954
TP53,TP53,NeuroDev,-0.173648643550085
EP300,EP300,NeuroDisease,0.0290529606155091
AKT1,AKT1,NeuroDev,-0.0323540500326005
SETD7,SETD7,None,0.254849447960545
KDM3A,KDM3A,None,0.0010030919198039
STAT6,STAT6,GeneralTF,0.0
HSPB1,HSPB1,None,-0.2700574510317
FOXO1,FOXO1,GeneralTF,-0.0083718555889813
PLK1,PLK1,None,0.0490432923397091
WAPL,WAPL,None,-0.0428198295647994
KAT2B,KAT2B,None,0.328793038064756
HDAC1,HDAC1,NeuroDev,-0.403865420498788
MAT1A,MAT1A,NeuroDisease,0.0
MTA1,MTA1,None,0.0501551933979381
CTNNB1,CTNNB1,NeuroDisease,0.0014546946789975
SMAD2,SMAD2,GeneralTF,0.020305321794319
HNRNPK,HNRNPK,NeuroDisease,0.067944680360788
ERCC6,ERCC6,NeuroDisease,0.0595126741694385
TDG,TDG,None,-0.333632158478797
MID1,MID1,NeuroDisease,-0.56191551297167
ELAVL1,ELAVL1,None,-0.135896263462696
KDM1A,KDM1A,NeuroDisease,-0.0369517855835835
HIF1AN,HIF1AN,None,0.0164562163406673
KDM7A,KDM7A,NeuroDev,0.0234038160618333
ING2,ING2,None,0.0188685279439532
ASF1A,ASF1A,None,-0.0802248054999805
MDM4,MDM4,None,0.35226488608312
GTSE1,GTSE1,None,-0.226152220356213
MSL2,MSL2,None,0.122642152589288
TP53AIP1,TP53AIP1,None,0.0
NOS1,NOS1,None,0.58409288651248
TXN,TXN,None,-0.247513614466325
SIRT1,SIRT1,None,-0.171724500172368
SPHK2,SPHK2,NeuroDev,0.0558472808344589
ATR,ATR,NeuroDisease,-0.0406900322089735
MDM2,MDM2,GeneralTF,-0.0969684137070954
HAP1,HAP1,NeuroDev,-0.618725592504424
CDKN1A,CDKN1A,None,-0.267881508975628
ATM,ATM,NeuroDisease,0.0340210965028114
KLK3,KLK3,None,0.0
SENP3,SENP3,None,-0.0513368688337287
SUMO1,SUMO1,None,-0.108866565302337
ZBTB16,ZBTB16,NeuroDev,-0.980404338614891
LATS2,LATS2,None,-0.244596248782119
ABL1,ABL1,NeuroDev,0.148773938337117
ERBB4,ERBB4,NeuroDev,-0.771407502193428
PGR,PGR,GeneralTF,0.0
PMAIP1,PMAIP1,None,-0.924449587031802
SRC,SRC,NeuroDev,-0.0428471829072877
CCND1,CCND1,NeuroDev,-2.02205551407771
ESR1,ESR1,GeneralTF,0.0
RARA,RARA,NeuroDev,0.355714009864935
MIR17HG,MIR17HG,None,-0.44849950595852
GATA1,GATA1,GeneralTF,0.0
STAT3,STAT3,NeuroDev,-0.101429880817253
CEBPA,CEBPA,GeneralTF,0.0
CSF2,CSF2,None,0.0
PPM1D,PPM1D,NeuroDisease,0.122621080933276
BLM,BLM,NeuroDisease,0.108566195468595
CSNK1A1,CSNK1A1,None,-0.0474153669475418
AURKA,AURKA,NeuroDev,-0.327420337406742
TP53BP1,TP53BP1,None,0.0337299603983961
IER3,IER3,None,-0.966226281092149
RRM2B,RRM2B,NeuroDisease,-0.371747131726219
TP53INP1,TP53INP1,None,-0.350060226262127
ZNF225,ZNF225,GeneralTF,0.0
BBC3,BBC3,None,-0.179484845178623
FAS,FAS,None,0.0
CCNG1,CCNG1,NeuroDev,-0.25804762480235
GNL3,GNL3,None,-0.0063890068839881
USP7,USP7,NeuroDisease,0.0486267968668411
TP53BP2,TP53BP2,None,-0.127812326927155
PPP1R13L,PPP1R13L,None,0.124303216246787
PPP1R13B,PPP1R13B,None,-0.0346654149892629
WRAP53,WRAP53,None,-0.0098141664031928
HTATIP2,HTATIP2,GeneralTF,0.0
ZNF420,ZNF420,GeneralTF,-0.0568276055558917
ING1,ING1,None,-0.0084765586235514
PTTG1,PTTG1,None,-0.134472497585684
CARM1,CARM1,None,0.308960864296335
WRN,WRN,NeuroDev,0.0883973687177243
SMAD3,SMAD3,GeneralTF,-0.394794958854225
IGF1,IGF1,NeuroDisease,0.0
EGFR,EGFR,NeuroDev,1.36749818355558
NR0B1,NR0B1,NeuroDev,0.0
NR0B2,NR0B2,None,0.0
AR,AR,GeneralTF,-0.339977118911973
RXRA,RXRA,GeneralTF,-0.397031578943309
ESR2,ESR2,GeneralTF,-0.446358830347783
MAPK3,MAPK3,NeuroDev,0.0705023326061009
LTC4S,LTC4S,None,0.0
SMAD4,SMAD4,NeuroDisease,0.0478346914113743
ERBB2,ERBB2,NeuroDev,-0.255006976627321
NR2C2,NR2C2,NeuroDev,-0.0172629622833819
NCOR2,NCOR2,NeuroDev,-0.0769815510092634
NR1I2,NR1I2,GeneralTF,0.0
NR2C1,NR2C1,GeneralTF,-0.0226356190386712
NR3C1,NR3C1,NeuroDev,0.29718070769013
HNF1A,HNF1A,GeneralTF,0.0
NRIP1,NRIP1,HSA21gene,0.401479191969281
CSNK1G1,CSNK1G1,NeuroDisease,0.0781663591019349
RB1CC1,RB1CC1,None,0.0670018134274433
NFE2L2,NFE2L2,GeneralTF,-0.723321381655971
EIF2AK2,EIF2AK2,NeuroDisease,0.0120688056897928
MAPK14,MAPK14,None,0.0736353810720352
PCSK7,PCSK7,None,0.237057976299587
ZC3H12A,ZC3H12A,NeuroDev,0.0
ZNF318,ZNF318,None,0.0622882204161704
DAB2IP,DAB2IP,NeuroDev,-0.0508845792432444
SRCAP,SRCAP,NeuroDisease,0.0332837896854323
PRMT9,PRMT9,None,-0.274075550138163
DTX1,DTX1,NeuroDev,0.257052606913636
TTC5,TTC5,NeuroDisease,-0.11282203642337
ARMC10,ARMC10,None,-0.189465405924728
STAG2,STAG2,NeuroDisease,0.153853451067587
TFAP2B,TFAP2B,NeuroDev,0.0
PIK3R3,PIK3R3,None,-0.008880953942902
MAML1,MAML1,None,0.0699696404419718
DPF2,DPF2,NeuroDisease,-0.0376222146116473
CREBBP,CREBBP,NeuroDisease,-0.0271907807650148
KAT6A,KAT6A,NeuroDisease,0.0557293411394695
BAD,BAD,NeuroDev,-0.147399155217892
FBXW7,FBXW7,None,-0.0120631124654303
AURKB,AURKB,None,0.0460134235090012
TP53RK,TP53RK,NeuroDisease,-0.0619138749681525
GFI1,GFI1,GeneralTF,0.0
SMO,SMO,NeuroDisease,-0.0755154439800325
VRK1,VRK1,NeuroDisease,0.261324890728127
DUSP26,DUSP26,GeneralTF,0.504114707837146
HDAC8,HDAC8,NeuroDisease,-0.285798920480167
TBL1XR1,TBL1XR1,NeuroDisease,0.0582472052866254
ADNP,ADNP,NeuroDisease,0.0329350740766922
KDM4C,KDM4C,GeneralTF,-0.0293792617104173
BRMS1,BRMS1,None,-0.286357635751478
SIRT7,SIRT7,None,-0.215910932473215
DUSP22,DUSP22,GeneralTF,-0.0869466980094557
TOPORS,TOPORS,NeuroDev,0.186617353426757
CDKN2AIP,CDKN2AIP,None,-0.115155402468537
ASH2L,ASH2L,GeneralTF,0.0558567481468879
STK17A,STK17A,None,-0.133214087826632
ZMIZ1,ZMIZ1,NeuroDisease,0.125321207729989
CDC14A,CDC14A,None,-0.431257215965026
HECTD4,HECTD4,NeuroDisease,0.235189744373565
EID1,EID1,None,-0.0759672522330887
PRSS21,PRSS21,None,0.0
COMPLEX:P30153_P67775_Q00005,COMPLEX:P30153_P67775_Q00005,None,0.0
COMPLEX:Q00535_Q15078,COMPLEX:Q00535_Q15078,None,0.0
COMPLEX:O43741_P54619_P54646_Q13131_Q9UGI9_Q9UGJ0_Q9Y478,COMPLEX:O43741_P54619_P54646_Q13131_Q9UGI9_Q9UGJ0_Q9Y478,None,0.0
COMPLEX:P01100_P05412,COMPLEX:P01100_P05412,None,0.0
COMPLEX:P06493_P14635,COMPLEX:P06493_P14635,None,0.0
COMPLEX:Q01196_Q13951,COMPLEX:Q01196_Q13951,None,0.0
COMPLEX:Q8WYB5_Q92794,COMPLEX:Q8WYB5_Q92794,None,0.0
COMPLEX:Q15022_Q15910,COMPLEX:Q15022_Q15910,None,0.0
COMPLEX:P20248_P24941,COMPLEX:P20248_P24941,None,0.0
COMPLEX:O14686_P61964_Q15291_Q9C005_Q9UBL3,COMPLEX:O14686_P61964_Q15291_Q9C005_Q9UBL3,None,0.0
COMPLEX:P84022_Q13485,COMPLEX:P84022_Q13485,None,0.0
COMPLEX:O14497_O96019_P51532_Q12824_Q68CP9_Q8NFD5_Q8TAQ2_Q92922_Q969G3_Q96GM5,COMPLEX:O14497_O96019_P51532_Q12824_Q68CP9_Q8NFD5_Q8TAQ2_Q92922_Q969G3_Q96GM5,None,0.0
THRB,THRB,NeuroDisease,-0.214166225544383
THRA,THRA,NeuroDisease,0.458773308524898
NCOA2,NCOA2,None,0.0093482619751931
CDK9,CDK9,NeuroDisease,0.0982829268542262
KMT2D,KMT2D,NeuroDisease,-0.353357887921978
XPO1,XPO1,None,0.0642371367321911
TRIM24,TRIM24,GeneralTF,0.0265685325191026
LMO1,LMO1,None,0.24331934381806
MAPK10,MAPK10,None,0.0588162283394813
MAPK13,MAPK13,None,-0.0182893970592594
PRKAA1,PRKAA1,GeneralTF,0.0060903958479987
ANKRD11,ANKRD11,NeuroDisease,-0.0146822334772469
CDK1,CDK1,None,-0.15490979691542
LCK,LCK,None,0.0
HSP90AA1,HSP90AA1,NeuroDev,-0.113657493994707
PRKACA,PRKACA,NeuroDev,0.0459622210055297
TAF1,TAF1,NeuroDisease,-0.0755494777573568
RPS6KB1,RPS6KB1,None,0.131132915592825
GATA3,GATA3,NeuroDev,0.0
CDK2,CDK2,None,-0.15365076430708
MAPK1,MAPK1,NeuroDisease,-0.0641135346371894
GSK3B,GSK3B,NeuroDev,0.0458953188157226
PPP1CA,PPP1CA,None,-0.0882766821246346
UBE2I,UBE2I,None,0.0042858919874908
CSNK2A1,CSNK2A1,NeuroDisease,0.100796621853374
CDK6,CDK6,NeuroDisease,0.429641089091188
CDK5,CDK5,NeuroDev,0.152059581712372
POU4F1,POU4F1,NeuroDev,0.0
KMT2A,KMT2A,NeuroDisease,0.162090665921928
TTK,TTK,None,0.0717681958133925
MNAT1,MNAT1,NeuroDev,-0.0942728475824923
TBR1,TBR1,NeuroDisease,-1.85224361082226
CASK,CASK,NeuroDisease,0.698080338619097
NUAK1,NUAK1,GeneralTF,-0.284299357828601
RAD21,RAD21,NeuroDisease,0.010591709654119
CDC14B,CDC14B,None,-0.164583663123589
BRD4,BRD4,NeuroDisease,0.0285404842252632
SIN3B,SIN3B,None,-0.0082323003321949
MYCBP2,MYCBP2,NeuroDev,0.147481428064929
NSD2,NSD2,NeuroDisease,0.0431660971500185
GNRH1,GNRH1,None,0.0
JUN,JUN,NeuroDev,-0.286281020169732
HSP90AB1,HSP90AB1,NeuroDev,-0.233906428100588
PARP1,PARP1,GeneralTF,0.0377910152959942
SKI,SKI,NeuroDisease,-0.20991547659083
FER,FER,None,-0.414698037866111
SPI1,SPI1,GeneralTF,0.0
CSNK2A2,CSNK2A2,NeuroDev,0.0668119135203387
GATA2,GATA2,NeuroDev,0.0
LMO2,LMO2,GeneralTF,-0.942697182315827
AKT2,AKT2,NeuroDev,0.132470142641024
GRK5,GRK5,None,0.613032806818257
PPP1CC,PPP1CC,NeuroDev,-0.0357232584310632
VHL,VHL,None,0.11894391027476
STAT5A,STAT5A,GeneralTF,0.0
MAPK8,MAPK8,None,0.0368909683300027
NCOA4,NCOA4,None,0.172950297257204
MAPK9,MAPK9,None,0.135068983717077
CSNK1D,CSNK1D,None,0.0446539658451712
NUMB,NUMB,NeuroDev,0.0033112907203112
GMPS,GMPS,None,-0.087942826077901
CDK7,CDK7,None,-0.0751520765053585
RPS6KA3,RPS6KA3,NeuroDisease,0.0714578306615011
PRKAA2,PRKAA2,GeneralTF,0.0447134088023202
PPP1CB,PPP1CB,NeuroDisease,0.130541407455404
PPP2CB,PPP2CB,None,-0.0413583766516976
PPP2CA,PPP2CA,NeuroDisease,0.0772523338507331
PRKDC,PRKDC,NeuroDev,-0.0841408891136597
HDLBP,HDLBP,NeuroDisease,-0.13865312152971
MAP2K1,MAP2K1,NeuroDisease,-0.0745662686298918
FKBP4,FKBP4,None,-0.266778065293514
MECOM,MECOM,GeneralTF,-0.213994954086585
PRKCD,PRKCD,None,0.0
MN1,MN1,NeuroDisease,0.362562118885427
POU4F2,POU4F2,NeuroDev,0.0
PAK1,PAK1,NeuroDisease,-0.169458234967273
DYRK1A,DYRK1A,HSA21gene,0.673850085043316
GTF2H2,GTF2H2,None,-1.005273476155
CBFB,CBFB,GeneralTF,-0.221444987456729
IKBKE,IKBKE,None,0.0
FHL2,FHL2,GeneralTF,-0.347039015643616
USP10,USP10,None,-0.0289360752125922
BRD3,BRD3,None,0.110369489872486
RPS6KA1,RPS6KA1,None,-0.158160735182795
MAPK11,MAPK11,None,-0.0135004699827774
NCOA1,NCOA1,NeuroDisease,0.0084202124500185
STK11,STK11,NeuroDev,-0.100908855162023
EZH2,EZH2,NeuroDisease,0.0648433631340972
PKN1,PKN1,None,0.0633326744133295
CALM3,CALM3,NeuroDev,0.0972624237969842
PSAP,PSAP,NeuroDisease,0.137289394251233
SERTAD1,SERTAD1,None,-0.69777343660387
TNK2,TNK2,None,0.0876776354622359
NEK2,NEK2,None,0.305457164437394
LRRK2,LRRK2,NeuroDev,0.0
PRKCE,PRKCE,None,0.446411849272324
BRAF,BRAF,NeuroDisease,0.102905948597823
PIM1,PIM1,None,-0.0294114206909168
CDK11B,CDK11B,None,-0.106736172538783
CDK3,CDK3,None,0.0
GRK2,GRK2,None,-0.121988983298978
CHUK,CHUK,None,-0.287534552545625
PAK4,PAK4,NeuroDev,-0.31767505299322
PTPN1,PTPN1,None,0.0510409618636954
PTPN6,PTPN6,None,0.0
CCNA2,CCNA2,None,-0.0882144511502791
PA2G4,PA2G4,None,-0.148611287864624
PIN1,PIN1,NeuroDev,-0.0308012067159324
NCOA3,NCOA3,None,-0.0113784095287669
CAMK4,CAMK4,None,0.457705537006721
ESPL1,ESPL1,None,0.380502133679037
BRCA1,BRCA1,NeuroDisease,-0.0372214574573613
STK4,STK4,NeuroDev,-0.115507623312167
PRKAB1,PRKAB1,None,-0.0030448060251445
HIPK4,HIPK4,None,-0.337620611080907
CSK,CSK,NeuroDev,0.0442112768021814
TYR,TYR,None,0.0
PRMT1,PRMT1,NeuroDev,-0.0682845172593936
EHMT1,EHMT1,NeuroDisease,-0.018356682694484
EHMT2,EHMT2,NeuroDev,-0.0238901554714675
KMT5A,KMT5A,None,0.0012816495272254
SUMO3,SUMO3,HSA21gene,0.345752489264753
CAPN1,CAPN1,None,0.503562712897991
E4F1,E4F1,GeneralTF,-0.125630673589464
CAMK1,CAMK1,NeuroDev,0.0291406515968875
CAMK1D,CAMK1D,NeuroDev,0.142539426553613
CAMK1G,CAMK1G,None,0.0
CDK4,CDK4,None,-0.140534151754619
CSNK1A1L,CSNK1A1L,None,0.0
CSNK1E,CSNK1E,None,-0.0527325740614608
CSNK1G2,CSNK1G2,None,-0.123291250758691
CSNK1G3,CSNK1G3,None,-0.0829952400618615
GSK3A,GSK3A,NeuroDev,0.055704048630229
MAPKAPK2,MAPKAPK2,None,-0.0918823763526828
PRKACB,PRKACB,NeuroDisease,0.18581948154941
PRKCB,PRKCB,None,0.0724144116284888
RPS6KA2,RPS6KA2,None,0.110657220306251
KAT8,KAT8,NeuroDisease,0.0781607587953366
ATF4,ATF4,NeuroDev,-0.135431860678763
SIK1,SIK1,HSA21gene,0.0
MELK,MELK,None,0.0605847465579692
IKBKB,IKBKB,None,-0.0011740329114302
VRK2,VRK2,None,-0.391491643829306
SGK1,SGK1,NeuroDev,0.119584309151187
PRKCQ,PRKCQ,NeuroDev,-0.971921891618854
ROCK1,ROCK1,NeuroDev,0.105114520288849
MAP2K4,MAP2K4,None,0.0399950313838924
MKRN1,MKRN1,None,0.0316172993237914
RAN,RAN,NeuroDev,-0.150935094472292
RNF14,RNF14,None,0.172957330547373
AHR,AHR,GeneralTF,0.0
S100A4,S100A4,None,0.0
PIAS4,PIAS4,NeuroDev,0.158831563704537
MED1,MED1,NeuroDev,-0.186459649667948
IFI16,IFI16,None,0.0
TADA3,TADA3,None,0.0787316832531073
NCOR1,NCOR1,NeuroDisease,0.0588590594244188
WT1,WT1,GeneralTF,0.0
COPS5,COPS5,None,-0.153599788229373
UBE3A,UBE3A,NeuroDisease,0.0089204167813378
PHB2,PHB2,None,-0.112695036117658
YY1,YY1,NeuroDisease,-0.0340990466324167
CALM1,CALM1,NeuroDev,-0.113666685242234
CREB1,CREB1,NeuroDev,0.117400871499038
NPM1,NPM1,None,-0.21748970794336
BCL2L1,BCL2L1,None,0.0004634265629608
SKP2,SKP2,None,-0.192445298739574
DAXX,DAXX,None,0.0197053834882643
PIAS1,PIAS1,None,0.0854157500566968
SOCS1,SOCS1,None,-0.723357753288733
NR4A1,NR4A1,GeneralTF,-0.697569421934382
RCHY1,RCHY1,None,0.149352351940879
TGFB1I1,TGFB1I1,None,0.0
RELA,RELA,GeneralTF,0.0623796234779442
MYC,MYC,GeneralTF,0.419796940702092
NSD1,NSD1,NeuroDisease,0.529804493547693
TEP1,TEP1,None,0.0
SVIL,SVIL,None,-0.158963187885943
PAK5,PAK5,None,0.352835021445958
HSPA1A,HSPA1A,None,0.156396028066235
SAFB,SAFB,None,0.0413397541601836
HMGB1,HMGB1,NeuroDev,-0.0827951615290398
UBE2A,UBE2A,NeuroDisease,0.173598633371529
CDKN2A,CDKN2A,None,0.0
GSN,GSN,NeuroDev,-0.290924548569772
CALR,CALR,None,-0.184526070682963
HIPK3,HIPK3,None,-0.0145958173667404
GAPDH,GAPDH,None,-0.313758923657748
PIAS2,PIAS2,None,0.086978533145288
HSP90B1,HSP90B1,None,-0.129684012406167
PRDX1,PRDX1,None,-0.307034641986145
TCF4,TCF4,NeuroDisease,-0.121605040496533
FOXA1,FOXA1,NeuroDev,0.0
IRF3,IRF3,GeneralTF,-0.356743548251614
MSX1,MSX1,NeuroDev,-0.792794728693981
IGF1R,IGF1R,NeuroDisease,0.0183475436476777
E2F1,E2F1,NeuroDev,0.275697511278852
HNRNPUL1,HNRNPUL1,None,-0.0576457826000648
PHB,PHB,None,-0.256278846138395
NCOA6,NCOA6,NeuroDev,0.119638783731274
TWIST1,TWIST1,NeuroDisease,0.0
NOC2L,NOC2L,GeneralTF,0.0312903178776649
BCR,BCR,NeuroDev,-0.0859194154028731
HIPK1,HIPK1,NeuroDev,0.077728745745502
SMARCA4,SMARCA4,NeuroDisease,0.0454660621107833
TLE1,TLE1,None,-0.0828449613489
TRRAP,TRRAP,NeuroDisease,-0.0659282042284878
NDN,NDN,NeuroDev,-0.210708010736346
AKAP13,AKAP13,None,-0.0552836961430596
GADD45GIP1,GADD45GIP1,None,-0.235947068693462
UBE2K,UBE2K,GeneralTF,0.0826170602499193
COPS4,COPS4,None,0.102583848469674
CABLES2,CABLES2,None,0.151585741064728
ING5,ING5,None,-0.003145126988595
CALM2,CALM2,NeuroDev,-0.0468879761118161
RPS6KA5,RPS6KA5,NeuroDev,0.1079427937362
CTBP1,CTBP1,NeuroDisease,0.162194920070395
TRIM28,TRIM28,GeneralTF,-0.116126581872246
MTA2,MTA2,None,0.0832484437995934
RNASEL,RNASEL,None,0.0
CD40LG,CD40LG,None,0.0
CASP3,CASP3,NeuroDev,-0.18938849255586
GAK,GAK,None,0.105332931191801
ZFPM2,ZFPM2,None,-0.847154412297904
PROX1,PROX1,NeuroDev,-0.578874538510393
RUNX1,RUNX1,HSA21TF,0.654284266741855
CASP8,CASP8,None,0.0
HUWE1,HUWE1,NeuroDisease,-0.005702413611594
BTK,BTK,None,0.0
PPARGC1A,PPARGC1A,GeneralTF,0.613074234359503
MKNK2,MKNK2,None,-0.543467601696037
MMS19,MMS19,None,-0.185564088434383
RAF1,RAF1,NeuroDisease,0.140718769468375
LYN,LYN,NeuroDev,0.0
MAP3K1,MAP3K1,None,0.264597204058213
ALK,ALK,NeuroDev,0.989899501046205
BMX,BMX,None,0.0
PDK1,PDK1,None,-0.160652571858138
CDK10,CDK10,NeuroDisease,-0.0123268694967062
CDK8,CDK8,NeuroDisease,0.0300080124747069
CDK19,CDK19,NeuroDisease,0.116523660418491
CDK13,CDK13,NeuroDisease,-0.0535462155791059
CDK12,CDK12,None,-0.100830888218112
CDK16,CDK16,NeuroDev,-0.489327087101531
CDK17,CDK17,None,-0.0134886588160143
CDK18,CDK18,None,-0.758073275068444
CDK20,CDK20,NeuroDev,0.0709378928170862
MAPK6,MAPK6,None,0.114671768434685
MAPK4,MAPK4,None,0.0136796802309713
MAPK7,MAPK7,None,-0.164866455515109
MAPK15,MAPK15,None,0.0
NLK,NLK,None,0.158254108289289
RPS6KA4,RPS6KA4,None,0.0354154726110873
RPS6KA6,RPS6KA6,NeuroDev,0.289472313170124
RSKR,RSKR,None,0.15177039919302
PRKX,PRKX,None,0.243543828679344
PRKY,PRKY,None,0.362020642799255
TTBK2,TTBK2,NeuroDev,-0.0017088460422485
TTBK1,TTBK1,NeuroDev,-0.0320546275297082
VRK3,VRK3,None,-0.164168908348938
CAMKK1,CAMKK1,None,0.0757591476894975
IFITM1,IFITM1,None,0.0
GRK6,GRK6,None,-0.309921120979808
CXCL12,CXCL12,NeuroDev,0.0
PIBF1,PIBF1,NeuroDisease,-0.0438389392697059
AIFM1,AIFM1,NeuroDisease,0.639321620165436
SIK2,SIK2,None,-0.16092608230094
IFNG,IFNG,NeuroDev,0.0
TGM2,TGM2,None,0.0
PRIMA1,PRIMA1,None,0.0
MTOR,MTOR,NeuroDisease,0.110450676493231
MINPP1,MINPP1,NeuroDisease,0.0159782454532335
CHKA,CHKA,None,-0.202417917836192
VTA1,VTA1,None,0.0320139136674513
INSR,INSR,None,0.239853992332583
RUNX3,RUNX3,NeuroDev,0.0
XRCC1,XRCC1,NeuroDev,-0.0798821143950634
ROS1,ROS1,None,0.0
PLK4,PLK4,NeuroDisease,0.108742237418666
RITA1,RITA1,NeuroDev,-0.160741250990431
TGFB1,TGFB1,NeuroDev,-0.450336365762482
DMAP1,DMAP1,GeneralTF,0.0847117413785805
RALBP1,RALBP1,None,-0.183427757935945
LYST,LYST,None,0.137897516666473
ZNF331,ZNF331,GeneralTF,0.215715471561529
PPP1R15A,PPP1R15A,None,0.0887538057407184
XAF1,XAF1,None,0.0
MUC1,MUC1,None,0.0
NUPR1,NUPR1,None,0.0
RASSF5,RASSF5,None,0.504305939768788
CHRNA7,CHRNA7,NeuroDev,-0.397904036043668
CDS1,CDS1,None,-0.342039719244218
DAP,DAP,None,0.0158992733153839
CCAR1,CCAR1,None,0.224081188333616
KRT1,KRT1,None,0.0
IAPP,IAPP,None,0.0
MAP2K2,MAP2K2,NeuroDisease,-0.154902678062737
PINK1,PINK1,None,-0.103550123670836
TNF,TNF,NeuroDev,0.0
KRAS,KRAS,NeuroDisease,-0.0904546894359756
NBN,NBN,NeuroDisease,-0.103067715833658
HACD3,HACD3,None,0.0722536895259625
BUB1,BUB1,None,0.19282642528524
TFRC,TFRC,None,0.0278835903200066
EGF,EGF,NeuroDev,-1.10185911092407
NAMPT,NAMPT,None,-0.0773714949352411
PRL,PRL,None,0.0
DBT,DBT,NeuroDisease,0.0728706496225278
RET,RET,NeuroDev,0.0
IGF2,IGF2,None,0.0
FGF7,FGF7,None,0.0
S100A6,S100A6,NeuroDev,1.61214337379035
FGFR2,FGFR2,NeuroDisease,0.119992346662323
IL6,IL6,NeuroDev,0.0
HRG,HRG,None,0.0
NRG1,NRG1,NeuroDev,0.0121949012890701
TBK1,TBK1,None,0.0772725779621264
Q9BY25,Q9BY25,None,0.0
IL1B,IL1B,NeuroDev,0.0
CCNB1,CCNB1,None,-0.242128247062596
TIPARP,TIPARP,None,-0.564235511707308
BDKRB1,BDKRB1,None,0.0
DLL1,DLL1,NeuroDisease,0.0138387350942564
PDCD5,PDCD5,None,-0.2067101245117
OXT,OXT,None,0.0
MEMO1,MEMO1,None,0.146714188741649
PPP1R3A,PPP1R3A,None,0.0
TLR2,TLR2,NeuroDev,0.0
HYOU1,HYOU1,None,-0.252511960712765
CPSF4,CPSF4,GeneralTF,-0.0334831230206354
IFNGR2,IFNGR2,HSA21gene,0.614867772688703
AGT,AGT,None,0.0
FYN,FYN,NeuroDev,-0.0469053450017635
MAPK12,MAPK12,None,-0.736748124283279
SELENOW,SELENOW,None,0.132051586959055
INS,INS,None,0.0
LIAS,LIAS,NeuroDisease,-0.000579255540599
PPP2R2B,PPP2R2B,None,0.473766420307148
MAP2K6,MAP2K6,None,0.0549342860076457
PPP6C,PPP6C,None,0.0401736793412611
PPEF1,PPEF1,None,0.0
PHLPP1,PHLPP1,None,0.0318151067674662
PPM1G,PPM1G,None,-0.0151571967387001
CTDNEP1,CTDNEP1,None,0.0663449997378849
DUSP1,DUSP1,None,-0.227214128261869
PDP2,PDP2,None,0.326495038616507
PPM1B,PPM1B,None,0.153343637344666
GAS6,GAS6,NeuroDev,0.310611758790429
EPHA3,EPHA3,NeuroDev,0.274316904164816
PKM,PKM,GeneralTF,-0.337348204788549
PDIA3,PDIA3,None,0.110328417091794
PAK2,PAK2,NeuroDev,-0.028934615780687
SLC2A1,SLC2A1,NeuroDisease,-0.4077211424914
VAV3,VAV3,None,-0.0873394603303047
ADH5,ADH5,None,-0.127524434076986
TBX21,TBX21,GeneralTF,0.0
FOS,FOS,NeuroDev,-0.68318990633384
AKT3,AKT3,NeuroDisease,0.196362179328394
FLT3,FLT3,None,0.0
CREB5,CREB5,GeneralTF,-0.210291384754407
ARHGEF7,ARHGEF7,NeuroDev,0.0357957266573131
WDR77,WDR77,None,0.163613344854639
CD44,CD44,None,0.0
CREB3L3,CREB3L3,None,0.0
SPAG5,SPAG5,None,0.159892318689333
MXD1,MXD1,GeneralTF,-0.0637498679595756
RPL23,RPL23,None,-0.190802393297093
PRKACG,PRKACG,None,0.0
TOPBP1,TOPBP1,None,0.0545058772693921
PAX5,PAX5,NeuroDisease,0.0
DLAT,DLAT,NeuroDisease,0.0266678262342049
MAX,MAX,GeneralTF,0.102506461236357
MGMT,MGMT,None,-0.876430616598909
PTMA,PTMA,None,-0.0701573703451044
EAF2,EAF2,None,0.194325055923775
IL2,IL2,None,0.0
CDCA8,CDCA8,None,0.0658907856059949
LTB,LTB,None,0.0
RUNX1T1,RUNX1T1,None,0.541654437069808
JUNB,JUNB,GeneralTF,-0.532966332466368
NR1I3,NR1I3,GeneralTF,0.0
NOTCH1,NOTCH1,NeuroDev,-0.0001437683355424
SRA1,SRA1,None,-0.43806454064416
DEK,DEK,None,-0.137987035842546
RBPJ,RBPJ,NeuroDisease,0.129971109916747
RPA4,RPA4,None,0.0
ATF1,ATF1,GeneralTF,0.0116536462066962
DAAM1,DAAM1,None,0.105793814342229
CD40,CD40,None,0.0
PLA2G6,PLA2G6,NeuroDisease,-0.0889224566042648
MPP2,MPP2,None,-0.226182795903243
PIK3CG,PIK3CG,None,0.0
SMAD6,SMAD6,GeneralTF,0.0
IGKV1-6,IGKV1-6,None,0.0
REEP5,REEP5,None,-0.275245059895728
SMAD1,SMAD1,NeuroDev,0.115236209341235
DDB1,DDB1,None,0.0812681674677509
HDAC4,HDAC4,NeuroDisease,-0.163113849120426
FOXP1,FOXP1,NeuroDisease,0.0879010102888182
RAD23A,RAD23A,None,-0.110777289038555
MBP,MBP,NeuroDev,-0.0441237663809695
FOSB,FOSB,GeneralTF,-1.13142628877433
DBI,DBI,None,0.089679181169998
MED13L,MED13L,NeuroDisease,0.21280086483982
CCNE1,CCNE1,None,0.0
B2M,B2M,None,-0.165615651154041
ARRB1,ARRB1,None,0.322248873595616
FOXA2,FOXA2,NeuroDev,0.0
CCDC62,CCDC62,None,0.16072550332161
STK40,STK40,None,-0.120715274151336
CKLF,CKLF,None,-0.0204066925473782
CABIN1,CABIN1,None,0.014232781445336
S100A9,S100A9,NeuroDev,0.0
PRKN,PRKN,NeuroDev,-0.376774995050859
EIF5A,EIF5A,None,-0.781835261915645
ASPH,ASPH,None,-0.0002820324404895
HECW1,HECW1,None,0.11361016273566
IFRD1,IFRD1,None,-0.0635252808275413
IL4,IL4,None,0.0
TFDP1,TFDP1,GeneralTF,-0.0217980503255315
SGK3,SGK3,None,0.0199653085252009
NFKB1,NFKB1,GeneralTF,-0.296044343759716
XIAP,XIAP,None,0.211918074835301
TRAF6,TRAF6,NeuroDev,0.106389411183289
MDFI,MDFI,None,-0.0059237067430819
SMAD5,SMAD5,GeneralTF,-0.161541531731849
FLII,FLII,None,-0.0089767604339027
STAT5B,STAT5B,GeneralTF,0.203078710673061
MAML2,MAML2,None,-0.165319722831078
VIP,VIP,None,0.886455729551231
POLD3,POLD3,None,-0.0948529772480412
SNCG,SNCG,None,-0.130768003159921
DACH1,DACH1,None,-0.347034033563953
NGFR,NGFR,NeuroDev,0.0
HOXA7,HOXA7,GeneralTF,0.0
GLI1,GLI1,NeuroDev,0.0
NF1,NF1,NeuroDisease,0.0537740330949095
CD70,CD70,None,0.0
IL3,IL3,NeuroDev,0.0
TFAP2C,TFAP2C,GeneralTF,-1.47974648001346
AXIN1,AXIN1,None,-0.0423944912933535
HOXB13,HOXB13,GeneralTF,0.0
E2F3,E2F3,GeneralTF,-0.0773034261392123
PLPPR4,PLPPR4,NeuroDev,0.750668501149007
SRGN,SRGN,None,0.0
FGF2,FGF2,NeuroDev,-0.532598694206379
PMEPA1,PMEPA1,None,-0.0104633939795413
ATF2,ATF2,NeuroDev,0.0147818710441326
PRMT5,PRMT5,None,-0.278785194497032
IL27,IL27,None,0.0
DNAJA3,DNAJA3,None,0.0201754204272685
GH1,GH1,None,0.0
IGFBP2,IGFBP2,None,-0.59740770322826
ZNF274,ZNF274,GeneralTF,-0.18376663010082
HDAC3,HDAC3,GeneralTF,0.0549927864411831
BCKDHB,BCKDHB,NeuroDisease,-0.143124288137347
FLI1,FLI1,GeneralTF,0.0
BMP6,BMP6,NeuroDev,-0.596115062193055
RAC1,RAC1,NeuroDisease,-0.0513473183047828
CREB3L4,CREB3L4,GeneralTF,0.0
UBE2D1,UBE2D1,None,0.0023298155183128
BMP4,BMP4,NeuroDev,0.0
IFNL1,IFNL1,None,0.0
ECT2,ECT2,NeuroDev,-0.328553709420167
PTK2B,PTK2B,NeuroDev,0.0986664962319277
CD82,CD82,None,-1.0146763649632
IRF1,IRF1,GeneralTF,0.0
ASAP1,ASAP1,None,0.207058968085867
SOX4,SOX4,NeuroDisease,0.213148993687883
CREB3L1,CREB3L1,GeneralTF,0.0
SMAD9,SMAD9,GeneralTF,0.530305673924625
PTP4A3,PTP4A3,None,0.393997741874917
ISL1,ISL1,NeuroDev,-1.28626230890616
CCAR2,CCAR2,None,0.0638462971519475
PER1,PER1,None,-0.0471251143233913
E2F2,E2F2,GeneralTF,0.567772234709127
SOD2,SOD2,NeuroDev,-0.200030657205418
ORC1,ORC1,NeuroDisease,0.147028460179513
BAG1,BAG1,None,-0.156840383987407
PTP4A1,PTP4A1,None,0.0
STAT1,STAT1,GeneralTF,-0.194323256277566
CMTM3,CMTM3,None,-0.012970689856986
CREB3L2,CREB3L2,GeneralTF,0.0458048109623961
SFRP1,SFRP1,NeuroDev,-0.0517868895172229
UBE4A,UBE4A,None,0.255962798553212
TPD52,TPD52,None,-0.305171236222692
PSMD10,PSMD10,None,0.0441779749355892
BDNF,BDNF,NeuroDev,0.0
MIR22HG,MIR22HG,None,0.0
BACE2,BACE2,HSA21gene,2.25829294270263
PRDM1,PRDM1,NeuroDev,0.0
PSEN1,PSEN1,NeuroDev,0.0780726088581636
TREX1,TREX1,NeuroDisease,0.0
MORC3,MORC3,HSA21gene,0.580910146978382
EDN1,EDN1,NeuroDev,0.0
UIMC1,UIMC1,None,0.0920762143470913
YEATS4,YEATS4,GeneralTF,0.0272439796810761
CBFA2T3,CBFA2T3,None,0.2367774353514
KITLG,KITLG,None,0.264702569739092
CREB3,CREB3,GeneralTF,-0.066731414485494
HGF,HGF,None,0.0
FBXO42,FBXO42,None,0.183667179719216
TRAF2,TRAF2,None,-0.0337880329129686
TGM1,TGM1,None,0.0
LRRC32,LRRC32,None,0.0
SORT1,SORT1,None,0.0902975376535805
DNAJA1,DNAJA1,None,-0.18062918503265
FGFR1OP,FGFR1OP,None,0.0215811097962986
CDKN3,CDKN3,None,-0.368876168996418
ERG,ERG,HSA21TF,0.0
FOXO3,FOXO3,GeneralTF,-0.0237688365126337
NKX3-1,NKX3-1,GeneralTF,0.0
ARNT,ARNT,GeneralTF,0.4455658563335
BATF,BATF,GeneralTF,0.0
EBF1,EBF1,GeneralTF,1.07048025303325
AP2A1,AP2A1,None,0.0252428484916237
DDIT3,DDIT3,GeneralTF,-0.211384288455149
FOXA3,FOXA3,GeneralTF,0.0
HNF4A,HNF4A,GeneralTF,0.0
SOX6,SOX6,NeuroDisease,-0.33556854941811
TBP,TBP,GeneralTF,0.070617698073007
CEBPE,CEBPE,GeneralTF,0.0
CTCF,CTCF,NeuroDisease,0.0427222023818481
E2F4,E2F4,GeneralTF,0.0575742537614502
DNMT1,DNMT1,GeneralTF,0.0114004891576259
MECP2,MECP2,NeuroDisease,0.0514777439187776
RUNX2,RUNX2,NeuroDev,0.203165470714351
SP1,SP1,GeneralTF,-0.0160060891577499
TFAP2A,TFAP2A,NeuroDev,-0.771146614082082
ETS1,ETS1,GeneralTF,-0.316553434874167
ETS2,ETS2,HSA21TF,0.417956594380445
HNF4G,HNF4G,GeneralTF,0.0
ZFPM1,ZFPM1,GeneralTF,-0.126543319047953
CHD2,CHD2,NeuroDisease,-0.0234952092648808
CTBP2,CTBP2,GeneralTF,-0.205260156737087
IRF4,IRF4,GeneralTF,0.0
MEF2A,MEF2A,NeuroDev,0.0883021544163052
MEF2C,MEF2C,NeuroDisease,0.201019041698185
PAX8,PAX8,NeuroDisease,0.0
TCF12,TCF12,NeuroDisease,0.0198461693368645
GATA6,GATA6,NeuroDisease,0.0
HBP1,HBP1,GeneralTF,-0.0671606360914882
HHEX,HHEX,GeneralTF,0.0
HLF,HLF,GeneralTF,0.0
JUND,JUND,GeneralTF,-0.268160033811389
NR2F2,NR2F2,NeuroDev,-0.647889433663667
ONECUT1,ONECUT1,GeneralTF,-0.0759051239165296
TAL1,TAL1,NeuroDev,0.0
KLF4,KLF4,GeneralTF,0.0
LEF1,LEF1,NeuroDev,-2.11021918357554
MBD3,MBD3,NeuroDev,-0.0647488171227256
MITF,MITF,GeneralTF,0.0915349731517096
NANOG,NANOG,GeneralTF,0.0
POU5F1,POU5F1,GeneralTF,0.0
SALL4,SALL4,NeuroDev,-0.756073098664986
SOX2,SOX2,NeuroDisease,0.157542703517071
NFATC2,NFATC2,GeneralTF,0.0
NFIA,NFIA,NeuroDisease,-0.17372761113955
NFIC,NFIC,GeneralTF,0.0600410030172301
NFYA,NFYA,GeneralTF,0.192754887268678
NR2E3,NR2E3,NeuroDev,0.55965840015333
PAX2,PAX2,NeuroDev,0.0
PAX6,PAX6,NeuroDisease,-0.460448956574269
POU2F1,POU2F1,GeneralTF,0.378159289413293
POU2F2,POU2F2,GeneralTF,0.137864004285052
PPARG,PPARG,GeneralTF,0.0064659403750317
PRDM14,PRDM14,GeneralTF,0.0
PURA,PURA,NeuroDisease,0.16937710396049
SP4,SP4,GeneralTF,0.052259662992073
NRF1,NRF1,GeneralTF,0.149487467149807
E2F6,E2F6,GeneralTF,-0.182386260435818
USF1,USF1,GeneralTF,0.0923593559558911
USF2,USF2,GeneralTF,0.0367057463722717
VDR,VDR,GeneralTF,0.0
ZBTB7A,ZBTB7A,GeneralTF,-0.0619679221399826
ZEB1,ZEB1,NeuroDev,-0.243824733753892
ZNF263,ZNF263,GeneralTF,-0.147232518255854
BCL11A,BCL11A,NeuroDisease,0.154021580634573
BCLAF1,BCLAF1,GeneralTF,-0.0473743602499808
CEBPB,CEBPB,NeuroDev,-0.369942582599327
GABPA,GABPA,HSA21TF,0.601451678662171
GTF2B,GTF2B,GeneralTF,-0.0114111706421286
HDAC2,HDAC2,NeuroDev,0.124586058909493
MXI1,MXI1,GeneralTF,0.208336582856753
POLR3A,POLR3A,NeuroDisease,0.0857944536321479
RFX5,RFX5,GeneralTF,0.0
SMARCC1,SMARCC1,NeuroDev,-0.0246402393105517
SMC3,SMC3,NeuroDisease,-0.0221846269243206
SRF,SRF,NeuroDev,-0.0262783093232496
TCF3,TCF3,NeuroDev,-0.191205395293599
SUZ12,SUZ12,NeuroDisease,0.069605014587864
DAND5,DAND5,None,0.0
FOXP3,FOXP3,NeuroDisease,0.0
ZNF322,ZNF322,GeneralTF,-0.0574797262201726
COMPLEX:P05556_P23229,COMPLEX:P05556_P23229,None,0.0
COMPLEX:Q13485_Q15796,COMPLEX:Q13485_Q15796,None,0.0
AIP,AIP,None,-0.0625864780610274
YY2,YY2,GeneralTF,0.0
FOXP2,FOXP2,NeuroDisease,1.17132210665554
KDM6A,KDM6A,NeuroDisease,-0.164189507826138
MIMAT0000416,MIMAT0000416,None,0.0
MIMAT0000084,MIMAT0000084,None,0.0
MIMAT0000089,MIMAT0000089,None,0.0
MIMAT0000254,MIMAT0000254,None,0.0
MIMAT0004556,MIMAT0004556,None,0.0
MIMAT0000437,MIMAT0000437,None,0.0
MIMAT0004601,MIMAT0004601,None,0.0
MIMAT0004568,MIMAT0004568,None,0.0
MIMAT0000278,MIMAT0000278,None,0.0
MIMAT0004569,MIMAT0004569,None,0.0
MIMAT0000279,MIMAT0000279,None,0.0
MIMAT0004602,MIMAT0004602,None,0.0
MIMAT0000443,MIMAT0000443,None,0.0
MIMAT0000423,MIMAT0000423,None,0.0
MIMAT0004592,MIMAT0004592,None,0.0
MIMAT0004603,MIMAT0004603,None,0.0
MIMAT0026639,MIMAT0026639,None,0.0
MIMAT0005797,MIMAT0005797,None,0.0
MIMAT0000426,MIMAT0000426,None,0.0
MIMAT0004594,MIMAT0004594,None,0.0
MIMAT0000255,MIMAT0000255,None,0.0
MIMAT0004557,MIMAT0004557,None,0.0
MIMAT0000449,MIMAT0000449,None,0.0
MIMAT0004608,MIMAT0004608,None,0.0
MIMAT0000451,MIMAT0000451,None,0.0
MIMAT0004610,MIMAT0004610,None,0.0
MIMAT0004697,MIMAT0004697,None,0.0
MIMAT0000757,MIMAT0000757,None,0.0
MIMAT0000646,MIMAT0000646,None,0.0
MIMAT0004658,MIMAT0004658,None,0.0
MIMAT0000455,MIMAT0000455,None,0.0
MIMAT0004611,MIMAT0004611,None,0.0
MIMAT0000222,MIMAT0000222,None,0.0
MIMAT0000231,MIMAT0000231,None,0.0
MIMAT0000232,MIMAT0000232,None,0.0
MIMAT0000617,MIMAT0000617,None,0.0
MIMAT0004657,MIMAT0004657,None,0.0
MIMAT0000269,MIMAT0000269,None,0.0
MIMAT0022695,MIMAT0022695,None,0.0
MIMAT0000276,MIMAT0000276,None,0.0
MIMAT0004567,MIMAT0004567,None,0.0
MIMAT0004675,MIMAT0004675,None,0.0
MIMAT0000086,MIMAT0000086,None,0.0
MIMAT0000100,MIMAT0000100,None,0.0
MIMAT0000681,MIMAT0000681,None,0.0
MIMAT00045,MIMAT00045,None,0.0
MIMAT0000087,MIMAT0000087,None,0.0
MIMAT0000088,MIMAT0000088,None,0.0
MIMAT0000244,MIMAT0000244,None,0.0
MIMAT0004550,MIMAT0004550,None,0.0
MIMAT0000245,MIMAT0000245,None,0.0
MIMAT0004551,MIMAT0004551,None,0.0
MIMAT0000420,MIMAT0000420,None,0.0
MIMAT0004589,MIMAT0004589,None,0.0
MIMAT0004674,MIMAT0004674,None,0.0
MIMAT0000692,MIMAT0000692,None,0.0
MIMAT0000693,MIMAT0000693,None,0.0
MIMAT000024,MIMAT000024,None,0.0
MIMAT0000714,MIMAT0000714,None,0.0
MIMAT0000715,MIMAT0000715,None,0.0
MIMAT0015071,MIMAT0015071,None,0.0
MIMAT0019217,MIMAT0019217,None,0.0
MIMAT0000685,MIMAT0000685,None,0.0
MIMAT0000686,MIMAT0000686,None,0.0
MIMAT0004676,MIMAT0004676,None,0.0
MIMAT0004677,MIMAT0004677,None,0.0
MIMAT0004694,MIMAT0004694,None,0.0
MIMAT0000753,MIMAT0000753,None,0.0
MIMAT0000728,MIMAT0000728,None,0.0
MIMAT0001541,MIMAT0001541,None,0.0
MIMAT0010251,MIMAT0010251,None,0.0
MIMAT0013771,MIMAT0013771,None,0.0
MIMAT0003327,MIMAT0003327,None,0.0
MIMAT0009203,MIMAT0009203,None,0.0
MIMAT0002807,MIMAT0002807,None,0.0
MIMAT0002872,MIMAT0002872,None,0.0
MIMAT0004779,MIMAT0004779,None,0.0
MIMAT0000252,MIMAT0000252,None,0.0
MIMAT0004553,MIMAT0004553,None,0.0
MIMAT0004554,MIMAT0004554,None,0.0
MIMAT0031892,MIMAT0031892,None,0.0
MIMAT0000421,MIMAT0000421,None,0.0
MIMAT0004590,MIMAT0004590,None,0.0
MIMAT0000077,MIMAT0000077,None,0.0
MIMAT0000070,MIMAT0000070,None,0.0
MIMAT0000075,MIMAT0000075,None,0.0
MIMAT0000103,MIMAT0000103,None,0.0
MIMAT0000422,MIMAT0000422,None,0.0
MIMAT0000462,MIMAT0000462,None,0.0
MIMAT0005876,MIMAT0005876,None,0.0
MIMAT0000072,MIMAT0000072,None,0.0
MIMAT0000073,MIMAT0000073,None,0.0
MIMAT0000074,MIMAT0000074,None,0.0
MIMAT0001413,MIMAT0001413,None,0.0
MIMAT0000256,MIMAT0000256,None,0.0
MIMAT0000257,MIMAT0000257,None,0.0
MIMAT0002819,MIMAT0002819,None,0.0
MIMAT0000717,MIMAT0000717,None,0.0
MIMAT0004504,MIMAT0004504,None,0.0
MIMAT0001412,MIMAT0001412,None,0.0
MIMAT0000080,MIMAT0000080,None,0.0
MIMAT0002804,MIMAT0002804,None,0.0
MIMAT0003234,MIMAT0003234,None,0.0
MIMAT0000081,MIMAT0000081,None,0.0
MIMAT0000068,MIMAT0000068,None,0.0
MIMAT0000069,MIMAT0000069,None,0.0
MIMAT0001341,MIMAT0001341,None,0.0
MIMAT0003945,MIMAT0003945,None,0.0
MIMAT0000425,MIMAT0000425,None,0.0
MIMAT0000082,MIMAT0000082,None,0.0
MIMAT0004810,MIMAT0004810,None,0.0
MIMAT0000271,MIMAT0000271,None,0.0
MIMAT0000270,MIMAT0000270,None,0.0
MIMAT0003273,MIMAT0003273,None,0.0
MIMAT0002875,MIMAT0002875,None,0.0
MIMAT0000447,MIMAT0000447,None,0.0
MIMAT0004284,MIMAT0004284,None,0.0
MIMAT0000682,MIMAT0000682,None,0.0
MIMAT0000266,MIMAT0000266,None,0.0
MIMAT0000280,MIMAT0000280,None,0.0
MIMAT0000424,MIMAT0000424,None,0.0
MIMAT0003239,MIMAT0003239,None,0.0
MIMAT0000267,MIMAT0000267,None,0.0
MIMAT0000441,MIMAT0000441,None,0.0
MIMAT0000684,MIMAT0000684,None,0.0
MIMAT0000273,MIMAT0000273,None,0.0
MIMAT0000435,MIMAT0000435,None,0.0
MIMAT0000419,MIMAT0000419,None,0.0
MIMAT0000092,MIMAT0000092,None,0.0
MIMAT0000730,MIMAT0000730,None,0.0
MIMAT0004903,MIMAT0004903,None,0.0
MIMAT0004500,MIMAT0004500,None,0.0
MIMAT0000272,MIMAT0000272,None,0.0
MIMAT0003326,MIMAT0003326,None,0.0
MIMAT0005583,MIMAT0005583,None,0.0
MIMAT0005880,MIMAT0005880,None,0.0
MIMAT0000458,MIMAT0000458,None,0.0
MIMAT0000085,MIMAT0000085,None,0.0
MIMAT0004703,MIMAT0004703,None,0.0
MIMAT0000078,MIMAT0000078,None,0.0
MIMAT0000417,MIMAT0000417,None,0.0
MIMAT0000079,MIMAT0000079,None,0.0
MIMAT0000099,MIMAT0000099,None,0.0
MIMAT0002848,MIMAT0002848,None,0.0
MIMAT0003308,MIMAT0003308,None,0.0
MIMAT0004600,MIMAT0004600,None,0.0
MIMAT0004784,MIMAT0004784,None,0.0
MIMAT0004502,MIMAT0004502,None,0.0
MIMAT0000732,MIMAT0000732,None,0.0
MIMAT0000510,MIMAT0000510,None,0.0
MIMAT0004564,MIMAT0004564,None,0.0
MIMAT0000093,MIMAT0000093,None,0.0
CBR3-AS1,CBR3-AS1,None,0.0
Xist,Xist,None,0.0
h19,h19,None,0.0
HOTAIR,HOTAIR,None,0.0
lincRNA-RoR,lincRNA-RoR,None,0.0
mdm2-as,mdm2-as,None,0.0
MEG3,MEG3,None,0.0
PANDA,PANDA,None,0.0
PRNCR1,PRNCR1,None,0.0
UCA1,UCA1,None,0.0
5186,5186,None,0.0
449459,449459,None,0.0
6918638,6918638,None,0.0
24756910,24756910,None,0.0
448537,448537,None,0.0
4261,4261,None,0.0
259331,259331,None,0.0
104741,104741,None,0.0
3606,3606,None,0.0
6918328,6918328,None,0.0
6010,6010,None,0.0
9865515,9865515,None,0.0
9804992,9804992,None,0.0
5878,5878,None,0.0
6918837,6918837,None,0.0
5035,5035,None,0.0
5352062,5352062,None,0.0
6918848,6918848,None,0.0
2746,2746,None,0.0
2733526,2733526,None,0.0
25010734,25010734,None,0.0
139148739,139148739,None,0.0
2733525,2733525,None,0.0
444008,444008,None,0.0
444732,444732,None,0.0
3121,3121,None,0.0
5311,5311,None,0.0
374536,374536,None,0.0
6446,6446,None,0.0
3397,3397,None,0.0
216248,216248,None,0.0
24872560,24872560,None,0.0
9444,9444,None,0.0
387447,387447,None,0.0
6253,6253,None,0.0
67171867,67171867,None,0.0
15951529,15951529,None,0.0
41867,41867,None,0.0
667490,667490,None,0.0
126941,126941,None,0.0
5865,5865,None,0.0
2723601,2723601,None,0.0
3005573,3005573,None,0.0
5870,5870,None,0.0
5757,5757,None,0.0
5756,5756,None,0.0
10635,10635,None,0.0
AUTS2,AUTS2,NeuroDisease,0.693141020268356
